Date,Open,High,Low,Close,Volume
"Sep 3, 2025","163.82","165.94","163.82","165.32","976,100"
"Sep 2, 2025","159.89","163.88","159.82","163.79","1,298,500"
"Aug 29, 2025","165.66","165.85","163.11","163.43","703,400"
"Aug 28, 2025","165.86","166.56","164.72","166.53","958,500"
"Aug 27, 2025","163.98","165.38","163.65","165.02","771,500"
"Aug 26, 2025","165.20","166.74","164.17","164.39","1,296,600"
"Aug 25, 2025","166.51","166.69","164.69","165.32","798,000"
"Aug 22, 2025","162.17","167.99","161.16","166.87","1,035,100"
"Aug 21, 2025","157.98","160.71","157.73","160.59","1,209,600"
"Aug 20, 2025","155.87","158.88","152.85","158.51","2,598,700"
"Aug 19, 2025","165.01","166.20","163.12","163.48","1,546,300"
"Aug 18, 2025","163.62","165.38","163.44","164.43","1,411,100"
"Aug 15, 2025","164.55","164.55","162.62","163.40","1,061,200"
"Aug 14, 2025","168.25","168.52","162.72","164.48","841,700"
"Aug 13, 2025","167.74","170.54","167.34","170.22","1,158,400"
"Aug 12, 2025","162.45","167.16","161.92","167.09","857,700"
"Aug 11, 2025","164.74","165.90","161.25","161.49","744,600"
"Aug 8, 2025","162.44","165.92","161.40","164.96","715,600"
"Aug 7, 2025","162.99","162.99","160.00","161.25","589,600"
"Aug 6, 2025","161.90","162.20","159.76","160.75","666,600"
"Aug 5, 2025","162.64","162.97","158.76","161.32","1,014,500"
"Aug 4, 2025","159.44","161.84","158.72","161.72","1,028,600"
"Aug 1, 2025","161.06","161.06","156.13","158.68","853,200"
"Jul 31, 2025","166.47","167.65","163.88","163.91","791,200"
"Jul 30, 2025","168.00","168.73","166.04","167.55","887,100"
"Jul 29, 2025","168.10","168.61","165.93","167.01","791,700"
"Jul 28, 2025","166.49","167.37","165.83","166.60","652,000"
"Jul 25, 2025","165.43","166.74","164.97","166.45","766,700"
"Jul 24, 2025","167.01","167.13","164.77","165.61","758,400"
"Jul 23, 2025","166.00","168.11","164.76","167.99","755,800"
"Jul 22, 2025","162.89","165.90","162.33","165.27","692,400"
"Jul 21, 2025","163.63","164.30","162.78","163.00","664,200"
"Jul 18, 2025","163.55","164.11","161.44","162.45","703,800"
"Jul 17, 2025","160.29","163.42","160.26","163.06","803,200"
"Jul 16, 2025","162.06","162.29","157.90","160.26","778,700"
"Jul 15, 2025","164.69","164.69","161.76","161.96","975,000"
"Jul 14, 2025","162.73","164.10","161.30","163.34","612,100"
"Jul 11, 2025","163.50","164.54","163.25","163.69","734,200"
"Jul 10, 2025","164.55","165.86","163.33","164.84","768,200"
"Jul 9, 2025","164.15","164.52","161.76","163.90","748,500"
"Jul 8, 2025","164.03","164.93","162.91","163.51","1,048,000"
"Jul 7, 2025","165.42","167.15","162.24","162.45","744,700"
"Jul 3, 2025","166.04","167.39","161.65","167.05","478,800"
"Jul 2, 2025","164.08","165.64","162.11","165.52","700,500"
"Jul 1, 2025","163.15","166.05","162.05","164.47","948,100"
"Jun 30, 2025","164.64","165.08","162.96","163.86","1,037,400"
"Jun 27, 2025","165.04","165.60","162.69","164.34","1,123,800"
"Jun 26, 2025","164.77","165.85","164.44","164.94","720,500"
"Jun 25, 2025","165.00","165.30","163.67","164.12","540,500"
"Jun 24, 2025","163.00","164.74","160.91","164.73","1,077,200"
"Jun 23, 2025","158.48","161.12","157.89","161.07","1,027,600"
"Jun 20, 2025","160.98","161.31","158.12","159.36","1,955,800"
"Jun 18, 2025","161.41","162.60","159.68","160.14","672,400"
"Jun 17, 2025","161.08","163.34","160.41","160.49","583,500"
"Jun 16, 2025","160.22","162.30","159.78","162.27","815,300"
"Jun 13, 2025","158.98","160.50","157.61","158.19","628,100"
"Jun 12, 2025","162.63","163.68","160.99","162.00","511,200"
"Jun 11, 2025","163.96","163.96","161.96","162.50","628,500"
"Jun 10, 2025","163.30","164.00","162.39","163.61","605,600"
"Jun 9, 2025","163.00","163.99","161.95","162.56","598,400"
"Jun 6, 2025","161.53","162.54","160.98","161.95","671,800"
"Jun 5, 2025","161.38","161.48","158.66","159.83","693,800"
"Jun 4, 2025","161.54","161.78","159.51","161.06","689,600"
"Jun 3, 2025","158.36","161.38","157.83","160.79","923,400"
"Jun 2, 2025","157.30","158.39","155.64","158.36","861,900"
"May 30, 2025","157.78","158.52","155.20","157.04","2,098,200"
"May 29, 2025","159.98","160.30","157.46","158.66","973,600"
"May 28, 2025","162.41","162.70","157.85","158.54","1,315,400"
"May 27, 2025","162.31","162.79","160.82","162.26","795,900"
"May 23, 2025","158.44","160.63","157.85","160.03","874,700"
"May 22, 2025","162.18","162.72","159.79","161.74","1,158,100"
"May 21, 2025","171.60","174.98","161.51","162.47","2,412,400"
"May 20, 2025","161.42","163.70","160.40","162.80","1,839,900"
"May 19, 2025","162.09","163.58","162.09","162.77","1,042,400"
"May 16, 2025","164.53","165.85","163.86","165.40","810,900"
"May 15, 2025","163.39","164.94","163.00","164.78","704,300"
"May 14, 2025","164.54","165.65","163.47","164.46","847,400"
"May 13, 2025","163.47","165.96","162.95","165.06","781,500"
"May 12, 2025","161.40","162.93","160.47","162.63","1,062,600"
"May 9, 2025","153.77","154.51","152.52","154.12","784,500"
"May 8, 2025","151.50","154.08","150.52","152.24","830,100"
"May 7, 2025","146.63","149.75","146.23","149.55","963,500"
"May 6, 2025","145.56","147.55","145.51","146.54","563,600"
"May 5, 2025","147.06","148.59","146.63","147.29","715,800"
"May 2, 2025","148.49","150.27","147.56","148.52","979,400"
"May 1, 2025","146.31","147.54","144.86","145.54","920,400"
"Apr 30, 2025","141.67","145.98","140.73","145.40","1,122,000"
"Apr 29, 2025","143.19","145.46","142.82","144.55","646,400"
"Apr 28, 2025","143.47","145.22","141.68","143.94","734,800"
"Apr 25, 2025","143.37","144.17","141.80","144.01","802,100"
"Apr 24, 2025","138.66","144.17","137.09","143.79","1,825,600"
"Apr 23, 2025","141.54","143.74","136.82","137.29","911,900"
"Apr 22, 2025","133.71","135.97","133.33","135.11","708,000"
"Apr 21, 2025","133.20","133.83","129.88","131.88","778,400"
"Apr 17, 2025","135.69","136.95","134.79","135.46","707,800"
"Apr 16, 2025","134.66","136.52","132.63","134.79","1,016,400"
"Apr 15, 2025","136.51","139.08","136.20","136.89","709,100"
"Apr 14, 2025","138.23","138.40","134.83","136.39","1,322,600"
"Apr 11, 2025","131.75","134.45","129.29","133.59","1,591,000"
"Apr 10, 2025","137.32","137.68","129.26","133.41","1,364,600"
"Apr 9, 2025","127.17","143.77","126.04","142.50","2,011,200"
"Apr 8, 2025","134.76","135.96","125.01","127.96","1,221,500"
"Apr 7, 2025","124.00","134.90","121.43","129.89","1,801,100"
"Apr 4, 2025","132.34","133.77","123.90","127.02","2,107,000"
"Apr 3, 2025","146.31","146.31","134.22","135.73","1,319,600"
"Apr 2, 2025","148.01","152.58","147.95","151.71","819,100"
"Apr 1, 2025","149.58","151.38","148.03","150.04","635,500"
"Mar 31, 2025","147.17","150.74","143.98","149.77","1,442,400"
"Mar 28, 2025","154.29","155.00","149.53","150.33","767,600"
"Mar 27, 2025","155.79","156.35","152.88","155.15","742,500"
"Mar 26, 2025","158.69","159.10","155.43","156.40","566,000"
"Mar 25, 2025","158.14","159.57","156.96","158.47","657,900"
"Mar 24, 2025","157.14","159.24","156.66","158.72","737,400"
"Mar 21, 2025","154.04","155.00","152.17","154.56","1,244,100"
"Mar 20, 2025","154.17","156.75","154.17","155.13","714,400"
"Mar 19, 2025","153.33","157.55","152.99","155.47","946,800"
"Mar 18, 2025","153.06","153.77","152.01","152.73","664,800"
"Mar 17, 2025","151.58","155.29","150.76","154.24","584,700"
"Mar 14, 2025","150.00","152.20","147.99","152.03","758,400"
"Mar 13, 2025","149.74","150.50","147.15","148.16","915,200"
"Mar 12, 2025","151.39","152.68","148.74","149.94","899,400"
"Mar 11, 2025","152.59","152.83","148.88","149.84","1,523,100"
"Mar 10, 2025","153.20","154.69","151.32","152.89","1,403,500"
"Mar 7, 2025","154.17","156.78","151.90","155.89","1,000,600"
"Mar 6, 2025","153.71","156.87","152.34","154.52","1,258,500"
"Mar 5, 2025","153.42","156.90","151.99","156.48","883,000"
"Mar 4, 2025","154.28","156.34","152.46","153.10","1,334,500"
"Mar 3, 2025","160.53","162.65","155.46","155.89","1,231,500"
"Feb 28, 2025","157.31","159.61","155.52","159.53","1,775,700"
"Feb 27, 2025","161.87","164.38","158.08","158.21","1,623,100"
"Feb 26, 2025","161.72","165.89","158.02","160.36","3,025,800"
"Feb 25, 2025","170.44","173.15","167.50","172.17","1,962,300"
"Feb 24, 2025","176.05","176.37","171.00","173.47","1,484,100"
"Feb 21, 2025","185.23","185.23","174.47","175.45","1,847,400"
"Feb 20, 2025","185.59","185.68","183.55","184.90","700,600"
"Feb 19, 2025","184.56","186.20","183.16","185.11","923,900"
"Feb 18, 2025","184.84","185.12","182.55","184.69","1,173,800"
"Feb 14, 2025","179.30","184.35","178.97","183.46","1,337,400"
"Feb 13, 2025","177.82","179.47","176.45","179.30","632,100"
"Feb 12, 2025","173.76","177.88","173.07","177.74","784,800"
"Feb 11, 2025","175.92","178.53","175.62","176.56","695,000"
"Feb 10, 2025","176.42","177.47","174.87","177.28","1,202,700"
"Feb 7, 2025","178.36","178.39","173.68","174.32","1,129,300"
"Feb 6, 2025","177.70","178.73","176.63","177.59","770,400"
"Feb 5, 2025","177.68","178.08","175.42","177.52","695,600"
"Feb 4, 2025","174.10","177.65","173.50","175.97","1,189,000"
"Feb 3, 2025","173.78","177.90","172.55","176.32","1,241,300"
"Jan 31, 2025","171.25","180.26","171.25","178.35","1,721,500"
"Jan 30, 2025","170.89","171.58","168.74","170.52","703,400"
"Jan 29, 2025","168.80","170.10","167.61","168.33","1,135,800"
"Jan 28, 2025","168.80","168.84","164.55","167.92","1,036,300"
"Jan 27, 2025","168.45","171.52","166.10","168.65","1,581,900"
"Jan 24, 2025","173.14","173.49","171.92","172.88","709,400"
"Jan 23, 2025","171.44","173.65","171.09","173.17","651,900"
"Jan 22, 2025","171.85","173.82","171.40","172.72","966,900"
"Jan 21, 2025","167.03","171.98","167.03","170.97","904,500"
"Jan 17, 2025","167.57","167.57","165.55","165.69","693,000"
"Jan 16, 2025","166.46","166.59","164.35","165.08","427,800"
"Jan 15, 2025","167.58","168.15","164.18","165.34","606,400"
"Jan 14, 2025","162.32","165.34","162.14","164.26","832,500"
"Jan 13, 2025","159.56","162.11","159.02","161.11","709,200"
"Jan 10, 2025","162.12","163.40","160.61","161.31","722,800"
"Jan 8, 2025","164.98","165.80","163.05","164.89","665,000"
"Jan 7, 2025","166.54","168.47","164.72","166.13","897,900"
"Jan 6, 2025","165.45","167.75","164.60","165.25","714,100"
"Jan 3, 2025","161.75","164.13","160.55","163.80","668,600"
"Jan 2, 2025","162.00","162.68","158.74","160.84","724,700"
"Dec 31, 2024","161.27","162.14","160.30","160.63","503,100"
"Dec 30, 2024","160.99","162.20","158.81","161.17","515,200"
"Dec 27, 2024","163.15","164.60","161.54","162.91","624,200"
"Dec 26, 2024","162.73","165.20","162.73","164.63","437,400"
"Dec 24, 2024","162.74","163.89","162.10","163.86","273,800"
"Dec 23, 2024","162.16","163.16","161.34","162.71","814,100"
"Dec 20, 2024","159.10","163.32","159.08","163.22","4,540,200"
"Dec 19, 2024","161.29","162.28","158.82","159.85","1,110,900"
"Dec 18, 2024","166.00","168.18","160.00","160.21","1,281,000"
"Dec 17, 2024","169.44","170.33","165.18","166.30","1,342,700"
"Dec 16, 2024","169.57","172.24","168.70","170.88","1,466,800"
"Dec 13, 2024","168.67","168.79","165.54","166.50","754,600"
"Dec 12, 2024","166.56","169.16","166.56","168.35","953,700"
"Dec 11, 2024","170.13","170.13","167.74","167.76","1,032,400"
"Dec 10, 2024","172.53","172.53","168.80","168.90","1,150,600"
"Dec 9, 2024","171.75","174.05","171.70","172.53","747,800"
"Dec 6, 2024","170.30","172.50","169.41","171.73","940,500"
"Dec 5, 2024","172.20","172.50","169.52","169.63","821,500"
"Dec 4, 2024","171.92","173.59","170.93","172.26","880,600"
"Dec 3, 2024","171.11","172.13","169.97","171.00","995,700"
"Dec 2, 2024","169.66","172.93","168.39","171.59","1,271,200"
"Nov 29, 2024","168.80","171.45","168.80","170.84","737,000"
"Nov 27, 2024","171.30","172.41","168.26","168.61","1,203,900"
"Nov 26, 2024","172.85","173.07","170.55","171.91","1,404,300"
"Nov 25, 2024","172.00","175.39","170.54","171.68","5,733,200"
"Nov 22, 2024","169.60","171.05","168.25","170.28","1,424,300"
"Nov 21, 2024","165.39","170.52","162.83","170.43","1,917,100"
"Nov 20, 2024","165.21","168.46","159.00","165.48","3,223,400"
"Nov 19, 2024","149.14","152.58","147.90","152.13","2,278,300"
"Nov 18, 2024","149.56","151.60","148.43","151.42","1,936,800"
"Nov 15, 2024","151.92","152.79","149.26","149.37","1,282,200"
"Nov 14, 2024","157.04","157.70","153.02","153.68","1,223,400"
"Nov 13, 2024","160.00","160.63","156.51","157.30","1,299,800"
"Nov 12, 2024","163.41","164.32","160.66","161.21","742,800"
"Nov 11, 2024","165.40","166.28","162.11","163.74","903,600"
"Nov 8, 2024","164.30","165.52","163.21","165.42","844,300"
"Nov 7, 2024","162.51","165.35","162.06","165.18","1,147,400"
"Nov 6, 2024","160.74","162.34","158.67","161.85","1,729,900"
"Nov 5, 2024","153.69","155.39","152.61","154.89","1,043,000"
"Nov 4, 2024","154.01","155.79","153.41","153.56","1,127,400"
"Nov 1, 2024","150.08","152.66","149.85","151.55","1,014,000"
"Oct 31, 2024","151.00","151.19","148.37","149.01","863,900"
"Oct 30, 2024","154.24","154.80","151.96","151.98","918,900"
"Oct 29, 2024","155.58","156.80","155.22","155.27","1,009,700"
"Oct 28, 2024","157.52","157.72","155.70","155.73","733,700"
"Oct 25, 2024","154.90","156.46","154.85","155.98","795,900"
"Oct 24, 2024","154.20","154.68","152.94","153.75","587,100"
"Oct 23, 2024","155.00","155.62","151.44","153.35","621,500"
"Oct 22, 2024","156.93","157.51","153.05","155.36","916,500"
"Oct 21, 2024","159.20","159.34","157.06","157.82","851,300"
"Oct 18, 2024","159.44","161.00","158.29","159.95","940,800"
"Oct 17, 2024","157.97","158.81","157.43","158.17","893,500"
"Oct 16, 2024","158.69","159.76","157.13","157.25","959,700"
"Oct 15, 2024","159.41","162.42","156.68","158.06","2,345,700"
"Oct 14, 2024","159.00","159.33","157.69","158.96","1,348,700"
"Oct 11, 2024","157.20","159.86","157.20","159.01","653,800"
"Oct 10, 2024","156.17","157.89","155.51","157.51","673,800"
"Oct 9, 2024","156.18","160.17","155.65","158.11","1,025,200"
"Oct 8, 2024","156.04","156.39","154.63","155.58","804,700"
"Oct 7, 2024","155.07","156.50","154.85","155.99","990,000"
"Oct 4, 2024","157.18","157.26","154.93","156.38","667,600"
"Oct 3, 2024","154.53","155.09","152.62","154.57","602,700"
"Oct 2, 2024","154.50","157.15","153.76","155.69","689,900"
"Oct 1, 2024","158.34","158.34","153.68","154.71","973,500"
"Sep 30, 2024","157.95","159.70","157.16","158.93","918,300"
"Sep 27, 2024","159.00","160.71","158.00","158.70","1,018,900"
"Sep 26, 2024","156.52","158.75","155.48","158.64","1,175,100"
"Sep 25, 2024","153.61","154.52","151.99","152.73","748,700"
"Sep 24, 2024","152.81","154.37","152.05","154.09","801,000"
"Sep 23, 2024","152.92","153.06","151.07","151.56","1,024,500"
"Sep 20, 2024","154.21","154.80","151.88","152.42","1,806,400"
"Sep 19, 2024","154.20","156.35","153.60","155.38","1,024,000"
"Sep 18, 2024","150.88","152.73","149.07","150.21","616,900"
"Sep 17, 2024","150.84","151.83","149.34","150.49","496,900"
"Sep 16, 2024","149.51","150.30","148.56","149.48","607,100"
"Sep 13, 2024","148.83","151.15","148.77","150.04","640,600"
"Sep 12, 2024","148.34","149.64","146.78","148.42","561,800"
"Sep 11, 2024","146.78","148.67","143.98","148.17","791,100"
"Sep 10, 2024","145.68","147.65","144.38","147.38","843,400"
"Sep 9, 2024","144.68","147.17","144.27","145.82","1,015,700"
"Sep 6, 2024","146.96","147.78","143.05","143.11","907,400"
"Sep 5, 2024","148.13","148.52","146.63","147.07","744,700"
"Sep 4, 2024","147.20","149.34","147.11","149.12","1,015,800"
"Sep 3, 2024","152.85","153.28","147.27","148.05","1,120,700"
"Aug 30, 2024","154.28","155.00","152.90","154.12","1,539,400"
"Aug 29, 2024","153.93","155.06","152.56","152.82","1,073,600"
"Aug 28, 2024","154.10","154.64","151.73","152.59","752,400"
"Aug 27, 2024","153.10","155.60","152.26","154.10","796,700"
"Aug 26, 2024","155.14","155.88","153.66","154.12","944,700"
"Aug 23, 2024","155.96","156.71","154.23","155.01","1,013,900"
"Aug 22, 2024","157.83","159.23","153.93","154.64","1,585,300"
"Aug 21, 2024","156.55","157.98","152.23","157.81","4,384,100"
"Aug 20, 2024","138.32","140.07","138.08","138.57","2,373,100"
"Aug 19, 2024","135.28","138.76","135.26","138.50","1,379,400"
"Aug 16, 2024","132.38","135.57","132.38","135.30","1,901,300"
"Aug 15, 2024","129.76","132.75","129.13","132.67","1,077,600"
"Aug 14, 2024","128.24","128.48","126.78","127.27","962,500"
"Aug 13, 2024","124.58","128.01","124.10","127.86","1,281,600"
"Aug 12, 2024","123.06","124.38","122.44","123.75","1,267,000"
"Aug 9, 2024","122.82","123.61","121.45","122.87","2,048,300"
"Aug 8, 2024","121.20","123.93","120.24","123.12","2,165,900"
"Aug 7, 2024","124.40","126.08","119.72","119.86","2,108,100"
"Aug 6, 2024","123.52","125.08","122.31","123.22","2,807,700"
"Aug 5, 2024","122.80","123.84","120.96","122.81","1,837,300"
"Aug 2, 2024","129.53","130.92","125.61","126.70","1,821,900"
"Aug 1, 2024","138.75","138.75","131.01","132.53","1,090,000"
"Jul 31, 2024","137.95","142.04","137.95","139.57","1,205,100"
"Jul 30, 2024","138.09","139.15","135.30","135.95","682,300"
"Jul 29, 2024","138.67","139.16","137.08","137.31","500,300"
"Jul 26, 2024","137.73","138.98","137.18","138.40","816,100"
"Jul 25, 2024","136.23","137.88","135.35","135.89","1,228,500"
"Jul 24, 2024","138.47","140.60","135.78","135.99","1,132,600"
"Jul 23, 2024","140.89","141.90","138.97","139.17","952,300"
"Jul 22, 2024","138.70","140.68","138.10","140.26","912,800"
"Jul 19, 2024","141.36","141.36","137.18","137.40","1,105,700"
"Jul 18, 2024","145.56","146.13","139.93","141.15","974,900"
"Jul 17, 2024","147.87","148.28","145.52","145.60","1,384,000"
"Jul 16, 2024","146.25","149.67","145.30","149.46","1,483,700"
"Jul 15, 2024","142.27","145.54","142.13","145.53","1,351,200"
"Jul 12, 2024","141.00","143.90","140.18","142.11","1,142,000"
"Jul 11, 2024","139.22","140.76","138.73","139.99","756,700"
"Jul 10, 2024","136.31","137.69","135.01","137.52","1,051,500"
"Jul 9, 2024","137.97","137.97","135.79","136.06","699,200"
"Jul 8, 2024","137.78","140.37","137.78","138.10","1,066,500"
"Jul 5, 2024","136.30","137.48","134.70","137.35","1,058,600"
"Jul 3, 2024","136.91","136.91","134.82","135.33","587,300"
"Jul 2, 2024","135.09","137.68","135.08","136.45","686,200"
"Jul 1, 2024","136.75","137.00","134.51","134.93","790,500"
"Jun 28, 2024","136.19","138.47","135.63","136.75","3,421,800"
"Jun 27, 2024","136.36","136.68","134.55","135.22","1,068,500"
"Jun 26, 2024","136.07","136.44","135.00","135.90","1,352,800"
"Jun 25, 2024","136.75","137.61","135.95","137.56","946,500"
"Jun 24, 2024","136.50","138.61","135.84","136.91","923,500"
"Jun 21, 2024","135.27","137.33","134.30","137.00","2,003,600"
"Jun 20, 2024","136.20","137.24","135.20","135.44","1,038,400"
"Jun 18, 2024","137.00","137.67","135.55","136.10","935,000"
"Jun 17, 2024","135.89","137.32","135.32","136.95","851,900"
"Jun 14, 2024","136.82","137.52","135.10","135.98","756,000"
"Jun 13, 2024","137.68","138.34","136.50","137.97","825,500"
"Jun 12, 2024","137.23","138.79","136.15","138.11","937,400"
"Jun 11, 2024","136.50","136.62","135.56","136.19","972,000"
"Jun 10, 2024","134.47","136.86","134.38","136.74","790,100"
"Jun 7, 2024","135.18","136.46","134.61","135.81","657,500"
"Jun 6, 2024","136.00","136.41","135.52","136.00","759,600"
"Jun 5, 2024","136.88","137.01","135.19","136.86","1,226,200"
"Jun 4, 2024","136.79","137.12","135.28","135.84","1,233,200"
"Jun 3, 2024","139.87","139.87","136.12","137.01","1,392,500"
"May 31, 2024","138.62","139.78","136.54","138.48","3,509,700"
"May 30, 2024","139.63","139.93","138.37","138.48","832,800"
"May 29, 2024","140.75","141.02","139.23","139.30","1,362,100"
"May 28, 2024","143.63","144.95","141.99","142.48","1,060,100"
"May 24, 2024","144.91","145.25","143.64","144.05","795,000"
"May 23, 2024","148.84","148.84","143.51","143.84","1,270,700"
"May 22, 2024","147.17","151.34","146.27","147.48","1,768,200"
"May 21, 2024","153.27","154.78","142.50","146.36","4,411,800"
"May 20, 2024","157.55","161.08","156.87","159.75","1,695,900"
"May 17, 2024","157.35","157.76","156.22","157.30","937,000"
"May 16, 2024","156.28","157.12","154.54","156.78","1,058,600"
"May 15, 2024","152.50","156.08","152.18","155.70","1,225,200"
"May 14, 2024","150.22","151.87","150.22","151.50","760,200"
"May 13, 2024","150.31","151.24","149.55","149.71","624,000"
"May 10, 2024","151.79","152.03","149.50","150.21","863,000"
"May 9, 2024","150.77","151.11","150.00","151.01","653,200"
"May 8, 2024","148.66","151.25","147.34","150.80","1,308,800"
"May 7, 2024","150.98","151.77","150.03","150.10","743,800"
"May 6, 2024","150.30","150.93","149.48","150.60","728,500"
"May 3, 2024","149.61","149.78","147.61","149.18","577,200"
"May 2, 2024","146.07","147.21","144.05","146.99","819,300"
"May 1, 2024","147.20","147.74","144.77","144.95","1,052,000"
"Apr 30, 2024","149.18","150.87","147.59","147.94","1,108,300"
"Apr 29, 2024","149.26","150.46","149.22","150.21","949,700"
"Apr 26, 2024","147.00","149.42","147.00","148.55","893,800"
"Apr 25, 2024","145.95","147.56","144.30","147.43","692,500"
"Apr 24, 2024","147.66","147.66","145.40","146.60","1,433,700"
"Apr 23, 2024","145.49","148.43","145.03","146.80","1,405,900"
"Apr 22, 2024","146.17","146.76","144.33","144.74","1,047,100"
"Apr 19, 2024","146.62","147.77","144.78","145.12","1,099,700"
"Apr 18, 2024","149.87","149.87","146.65","146.89","1,052,900"
"Apr 17, 2024","152.06","152.96","149.67","149.93","882,500"
"Apr 16, 2024","153.16","153.31","150.60","151.60","965,100"
"Apr 15, 2024","157.05","157.05","152.06","153.32","1,082,900"
"Apr 12, 2024","157.81","159.12","154.75","155.10","2,256,500"
"Apr 11, 2024","157.18","160.32","156.02","160.14","1,457,500"
"Apr 10, 2024","156.79","158.29","155.01","157.05","1,833,900"
"Apr 9, 2024","159.68","160.20","158.65","160.05","1,395,700"
"Apr 8, 2024","158.33","159.49","157.54","158.75","1,375,600"
"Apr 5, 2024","154.69","157.59","154.26","157.23","952,600"
"Apr 4, 2024","157.99","159.82","153.70","154.85","1,430,100"
"Apr 3, 2024","153.09","156.29","152.74","156.11","981,400"
"Apr 2, 2024","153.14","154.41","152.48","153.75","992,000"
"Apr 1, 2024","156.05","156.11","154.39","155.00","639,500"
"Mar 28, 2024","155.63","157.85","155.55","156.38","1,322,600"
"Mar 27, 2024","153.39","156.19","152.63","155.84","1,260,300"
"Mar 26, 2024","152.88","154.15","152.04","152.27","1,330,200"
"Mar 25, 2024","153.78","155.24","152.24","152.58","888,600"
"Mar 22, 2024","153.79","154.78","152.07","154.39","1,177,700"
"Mar 21, 2024","151.73","155.16","150.91","154.24","1,078,100"
"Mar 20, 2024","149.93","150.73","148.58","150.68","1,080,200"
"Mar 19, 2024","148.94","149.98","148.17","149.58","859,200"
"Mar 18, 2024","151.17","151.36","149.61","149.71","897,400"
"Mar 15, 2024","149.40","150.92","149.32","149.80","3,923,000"
"Mar 14, 2024","151.97","152.65","149.60","150.96","1,057,400"
"Mar 13, 2024","152.04","153.27","151.12","151.97","1,390,300"
"Mar 12, 2024","153.13","153.13","151.00","152.08","1,151,000"
"Mar 11, 2024","152.72","154.02","151.89","152.14","1,039,000"
"Mar 8, 2024","158.07","158.26","154.33","154.33","1,154,300"
"Mar 7, 2024","156.65","158.31","156.11","157.31","1,213,800"
"Mar 6, 2024","157.12","158.12","156.57","157.15","1,033,300"
"Mar 5, 2024","156.40","157.06","154.09","155.77","1,383,300"
"Mar 4, 2024","156.05","158.50","155.14","157.50","1,257,500"
"Mar 1, 2024","154.25","157.40","153.33","157.07","945,500"
"Feb 29, 2024","155.00","155.09","152.95","154.30","1,539,600"
"Feb 28, 2024","151.79","154.17","151.10","153.75","1,434,300"
"Feb 27, 2024","152.31","153.32","151.35","152.76","1,416,500"
"Feb 26, 2024","150.27","152.41","149.79","152.35","2,253,300"
"Feb 23, 2024","149.41","150.51","147.08","149.97","1,669,400"
"Feb 22, 2024","145.84","149.31","144.12","149.04","1,917,900"
"Feb 21, 2024","140.29","144.15","138.18","144.04","3,981,000"
"Feb 20, 2024","151.35","154.96","151.07","154.43","1,625,900"
"Feb 16, 2024","154.86","156.48","154.06","155.22","1,994,100"
"Feb 15, 2024","153.56","156.08","153.10","154.66","1,387,000"
"Feb 14, 2024","155.00","155.96","154.10","154.89","1,713,500"
"Feb 13, 2024","155.49","156.79","151.80","153.15","1,945,200"
"Feb 12, 2024","160.85","161.77","159.01","159.07","955,600"
"Feb 9, 2024","161.67","162.51","160.94","161.52","820,600"
"Feb 8, 2024","158.47","161.90","157.92","161.18","927,200"
"Feb 7, 2024","157.21","159.12","156.33","158.14","928,500"
"Feb 6, 2024","154.22","155.97","153.84","155.97","629,600"
"Feb 5, 2024","155.22","155.58","153.21","154.15","635,900"
"Feb 2, 2024","153.95","156.33","153.25","155.70","541,800"
"Feb 1, 2024","153.39","154.96","151.68","154.52","1,125,300"
"Jan 31, 2024","156.87","156.87","153.06","153.26","1,316,200"
"Jan 30, 2024","159.50","160.31","157.70","157.72","1,048,600"
"Jan 29, 2024","155.39","159.38","155.02","159.33","1,133,900"
"Jan 26, 2024","156.42","156.99","155.41","155.93","1,047,800"
"Jan 25, 2024","156.09","157.41","155.00","155.60","1,002,500"
"Jan 24, 2024","156.05","157.24","154.57","155.22","924,400"
"Jan 23, 2024","155.61","155.84","153.97","155.04","632,700"
"Jan 22, 2024","154.68","155.90","154.43","154.99","787,100"
"Jan 19, 2024","153.11","153.66","151.15","153.63","969,500"
"Jan 18, 2024","150.94","152.51","149.55","152.37","1,100,600"
"Jan 17, 2024","149.50","150.38","148.54","149.76","1,057,000"
"Jan 16, 2024","150.76","151.39","150.00","150.70","1,125,800"
"Jan 12, 2024","152.78","153.28","151.46","151.95","772,100"
"Jan 11, 2024","153.99","153.99","150.39","152.09","1,152,200"
"Jan 10, 2024","152.00","153.74","151.46","153.00","994,800"
"Jan 9, 2024","151.41","152.52","150.93","151.42","782,700"
"Jan 8, 2024","149.86","153.26","149.16","153.01","806,400"
"Jan 5, 2024","148.60","150.18","148.19","148.96","857,300"
"Jan 4, 2024","149.52","150.57","148.96","149.61","1,036,100"
"Jan 3, 2024","154.01","154.09","150.63","150.65","1,048,300"
"Jan 2, 2024","157.40","157.40","154.93","155.49","1,060,000"
"Dec 29, 2023","159.45","160.37","158.60","159.09","751,800"
"Dec 28, 2023","160.58","160.73","159.48","159.93","595,700"
"Dec 27, 2023","159.82","160.95","159.06","160.34","602,800"
"Dec 26, 2023","159.32","160.61","159.10","160.00","478,800"
"Dec 22, 2023","159.88","160.21","158.27","159.21","801,100"
"Dec 21, 2023","157.91","159.41","157.38","158.83","1,057,500"
"Dec 20, 2023","159.11","160.20","156.61","156.66","1,548,100"
"Dec 19, 2023","159.20","159.72","158.35","159.20","1,458,600"
"Dec 18, 2023","158.62","158.89","156.97","158.75","1,687,500"
"Dec 15, 2023","158.32","159.92","156.21","158.53","4,770,700"
"Dec 14, 2023","153.63","159.09","153.50","158.72","2,959,700"
"Dec 13, 2023","149.46","153.07","148.76","152.31","2,120,200"
"Dec 12, 2023","147.15","149.92","146.46","149.37","1,678,700"
"Dec 11, 2023","145.00","147.35","144.72","147.15","2,189,700"
"Dec 8, 2023","142.18","144.92","142.05","144.33","1,717,200"
"Dec 7, 2023","141.90","143.25","141.24","141.89","1,916,200"
"Dec 6, 2023","139.00","142.06","138.51","141.03","2,384,200"
"Dec 5, 2023","137.78","138.93","137.25","138.22","1,639,800"
"Dec 4, 2023","136.99","138.59","136.37","138.14","1,290,800"
"Dec 1, 2023","135.71","138.03","135.12","137.88","1,138,600"
"Nov 30, 2023","138.37","138.78","135.71","135.89","3,915,500"
"Nov 29, 2023","137.60","139.22","137.32","137.88","1,271,200"
"Nov 28, 2023","135.96","138.18","135.85","136.32","1,410,200"
"Nov 27, 2023","134.90","136.99","134.74","136.35","1,291,800"
"Nov 24, 2023","135.60","136.26","134.85","136.04","512,200"
"Nov 22, 2023","135.23","137.04","135.16","135.72","1,988,600"
"Nov 21, 2023","137.53","138.50","133.53","134.56","2,609,100"
"Nov 20, 2023","132.82","135.59","132.75","134.92","1,928,500"
"Nov 17, 2023","134.03","134.03","132.18","133.18","1,154,100"
"Nov 16, 2023","132.70","133.18","131.62","132.80","1,355,700"
"Nov 15, 2023","130.11","134.78","130.00","133.19","2,195,800"
"Nov 14, 2023","125.38","129.54","124.50","129.17","1,982,300"
"Nov 13, 2023","123.87","124.09","122.01","123.32","1,382,600"
"Nov 10, 2023","122.46","124.27","120.92","124.25","2,373,100"
"Nov 9, 2023","124.79","124.79","121.22","121.91","1,210,500"
"Nov 8, 2023","125.00","125.51","123.92","124.79","896,000"
"Nov 7, 2023","123.62","125.21","123.35","125.02","914,400"
"Nov 6, 2023","125.44","125.63","123.40","124.02","1,183,200"
"Nov 3, 2023","124.73","126.12","124.00","125.76","993,300"
"Nov 2, 2023","122.68","123.67","121.92","123.20","1,184,700"
"Nov 1, 2023","122.06","122.37","119.32","120.80","1,129,800"
"Oct 31, 2023","120.19","123.56","119.77","122.05","2,059,100"
"Oct 30, 2023","119.85","120.59","118.63","119.74","1,471,300"
"Oct 27, 2023","120.00","120.62","118.57","119.31","1,104,200"
"Oct 26, 2023","120.93","121.85","119.48","119.66","1,063,400"
"Oct 25, 2023","121.00","121.21","119.42","120.47","1,051,400"
"Oct 24, 2023","122.06","122.95","121.33","122.24","901,500"
"Oct 23, 2023","122.46","123.24","121.51","121.91","1,035,500"
"Oct 20, 2023","123.59","124.34","122.49","122.82","1,481,100"
"Oct 19, 2023","125.53","126.37","123.71","123.99","1,505,900"
"Oct 18, 2023","128.86","129.25","125.79","126.01","969,100"
"Oct 17, 2023","129.72","130.76","128.04","129.34","1,168,000"
"Oct 16, 2023","129.67","131.97","129.26","131.44","1,087,800"
"Oct 13, 2023","129.61","129.91","127.75","128.93","946,300"
"Oct 12, 2023","133.27","133.27","129.67","129.74","1,065,200"
"Oct 11, 2023","132.50","133.20","131.99","132.92","1,005,200"
"Oct 10, 2023","131.50","133.36","131.27","132.31","726,100"
"Oct 9, 2023","130.73","131.68","130.08","131.16","727,600"
"Oct 6, 2023","129.03","131.99","128.61","131.06","836,900"
"Oct 5, 2023","130.28","130.66","127.59","129.28","1,443,800"
"Oct 4, 2023","130.72","131.42","128.68","130.37","1,384,000"
"Oct 3, 2023","131.16","132.15","130.27","131.30","1,087,200"
"Oct 2, 2023","131.91","132.78","131.35","131.70","892,900"
"Sep 29, 2023","134.00","134.19","131.80","132.31","1,097,600"
"Sep 28, 2023","130.73","133.77","130.04","132.64","1,168,700"
"Sep 27, 2023","130.65","131.30","129.90","130.40","1,283,300"
"Sep 26, 2023","129.80","130.51","129.69","130.03","1,187,700"
"Sep 25, 2023","130.20","131.19","129.84","130.79","955,000"
"Sep 22, 2023","131.37","132.48","130.79","130.98","1,293,800"
"Sep 21, 2023","130.99","131.67","129.85","131.00","1,881,500"
"Sep 20, 2023","133.83","133.90","132.13","132.54","1,197,100"
"Sep 19, 2023","132.52","133.21","131.67","132.96","1,148,700"
"Sep 18, 2023","131.46","133.07","131.02","132.75","1,332,600"
"Sep 15, 2023","134.24","134.64","132.69","132.86","3,582,700"
"Sep 14, 2023","133.00","133.74","132.53","133.12","1,274,100"
"Sep 13, 2023","131.13","133.18","130.95","131.89","962,100"
"Sep 12, 2023","132.60","133.73","131.64","131.65","1,078,500"
"Sep 11, 2023","133.15","133.76","131.81","132.72","1,315,300"
"Sep 8, 2023","131.46","132.63","131.13","132.30","1,007,700"
"Sep 7, 2023","133.07","133.07","130.55","131.60","1,469,400"
"Sep 6, 2023","134.00","134.35","133.26","133.98","1,036,100"
"Sep 5, 2023","134.50","136.60","133.89","134.56","1,672,700"
"Sep 1, 2023","134.48","134.99","132.54","133.88","1,066,800"
"Aug 31, 2023","133.27","134.31","132.21","133.30","2,395,200"
"Aug 30, 2023","131.56","133.36","131.39","132.58","1,495,200"
"Aug 29, 2023","128.93","132.34","128.71","132.26","1,284,100"
"Aug 28, 2023","130.02","130.40","128.99","129.26","1,087,600"
"Aug 25, 2023","127.84","130.00","127.72","129.20","1,370,900"
"Aug 24, 2023","130.24","130.43","127.53","127.70","1,760,500"
"Aug 23, 2023","128.69","130.98","128.20","130.10","2,027,900"
"Aug 22, 2023","129.79","131.49","128.14","128.67","2,902,600"
"Aug 21, 2023","128.72","130.00","126.01","129.59","3,565,200"
"Aug 18, 2023","128.50","135.85","125.89","129.37","7,827,500"
"Aug 17, 2023","151.89","151.89","149.89","150.05","1,331,700"
"Aug 16, 2023","152.08","153.62","150.67","150.80","1,163,400"
"Aug 15, 2023","156.77","156.77","152.45","152.87","976,800"
"Aug 14, 2023","150.44","157.32","149.88","157.04","1,793,500"
"Aug 11, 2023","156.34","157.10","155.58","156.54","887,800"
"Aug 10, 2023","157.59","159.51","156.80","157.52","935,100"
"Aug 9, 2023","157.00","157.36","155.60","156.67","867,700"
"Aug 8, 2023","158.61","159.21","155.93","156.91","898,900"
"Aug 7, 2023","158.59","159.84","158.18","159.13","792,800"
"Aug 4, 2023","158.59","160.31","157.76","158.71","915,500"
"Aug 3, 2023","158.72","159.37","157.17","158.57","781,200"
"Aug 2, 2023","160.00","161.34","158.57","159.86","1,140,500"
"Aug 1, 2023","161.00","162.63","160.30","161.07","987,500"
"Jul 31, 2023","161.47","162.40","160.25","161.08","1,411,200"
"Jul 28, 2023","166.45","167.16","161.66","162.69","1,825,200"
"Jul 27, 2023","169.38","170.60","165.67","166.07","927,200"
"Jul 26, 2023","168.52","169.62","167.88","169.00","898,100"
"Jul 25, 2023","168.70","170.32","168.03","169.15","804,900"
"Jul 24, 2023","168.98","169.38","167.79","168.29","578,100"
"Jul 21, 2023","168.08","169.06","167.68","168.32","512,900"
"Jul 20, 2023","171.20","171.40","166.92","167.40","883,800"
"Jul 19, 2023","170.44","172.72","169.68","172.58","1,085,700"
"Jul 18, 2023","169.36","170.09","168.29","169.89","773,000"
"Jul 17, 2023","167.07","170.92","166.19","170.43","1,122,400"
"Jul 14, 2023","168.49","168.49","165.86","167.01","822,600"
"Jul 13, 2023","168.92","169.45","168.20","169.07","798,300"
"Jul 12, 2023","170.00","170.71","167.88","168.17","1,016,400"
"Jul 11, 2023","169.43","169.62","167.98","169.43","739,300"
"Jul 10, 2023","163.95","168.96","163.87","168.83","969,100"
"Jul 7, 2023","164.10","165.59","163.58","163.77","761,500"
"Jul 6, 2023","163.27","164.97","162.49","164.64","972,400"
"Jul 5, 2023","165.57","166.74","164.50","164.97","986,800"
"Jul 3, 2023","166.22","167.03","164.42","166.98","559,700"
"Jun 30, 2023","167.81","168.81","166.56","167.45","1,177,800"
"Jun 29, 2023","164.00","165.76","163.29","165.34","859,000"
"Jun 28, 2023","162.25","163.51","161.40","162.95","676,900"
"Jun 27, 2023","159.33","162.85","159.32","162.56","592,700"
"Jun 26, 2023","158.62","159.94","158.29","158.92","669,800"
"Jun 23, 2023","158.26","158.44","156.16","157.98","3,535,900"
"Jun 22, 2023","161.04","161.13","158.74","159.89","1,579,000"
"Jun 21, 2023","161.61","162.24","160.88","161.16","1,225,100"
"Jun 20, 2023","164.08","164.86","161.42","162.58","1,253,900"
"Jun 16, 2023","166.65","167.44","164.79","164.86","1,927,600"
"Jun 15, 2023","163.12","165.90","162.94","165.41","994,300"
"Jun 14, 2023","164.62","165.95","163.36","164.18","881,900"
"Jun 13, 2023","164.85","165.46","163.86","164.93","697,900"
"Jun 12, 2023","161.95","164.11","161.91","164.03","841,500"
"Jun 9, 2023","163.40","164.16","161.51","161.57","805,900"
"Jun 8, 2023","161.90","162.69","160.94","162.38","734,000"
"Jun 7, 2023","161.89","163.47","161.22","161.47","785,200"
"Jun 6, 2023","160.88","162.40","160.49","161.47","603,500"
"Jun 5, 2023","163.30","163.30","160.38","161.45","770,400"
"Jun 2, 2023","164.08","164.39","161.79","163.26","805,100"
"Jun 1, 2023","161.96","163.72","160.95","163.14","795,700"
"May 31, 2023","160.95","163.07","160.71","161.80","2,863,700"
"May 30, 2023","163.32","164.35","161.37","162.27","1,245,100"
"May 26, 2023","158.06","162.33","158.06","161.63","1,087,400"
"May 25, 2023","156.67","158.14","156.17","157.10","1,251,600"
"May 24, 2023","155.79","156.49","155.00","155.46","1,084,600"
"May 23, 2023","158.41","159.40","157.08","157.49","1,008,000"
"May 22, 2023","157.00","159.24","156.75","158.72","902,000"
"May 19, 2023","157.49","158.98","156.89","157.19","1,117,100"
"May 18, 2023","157.00","157.78","155.27","157.72","1,374,300"
"May 17, 2023","159.98","161.65","155.92","157.66","2,668,100"
"May 16, 2023","148.13","149.23","146.34","146.52","1,977,300"
"May 15, 2023","146.00","148.85","144.90","148.80","1,539,400"
"May 12, 2023","145.29","145.54","143.99","145.27","875,900"
"May 11, 2023","145.84","145.84","143.53","144.51","1,023,400"
"May 10, 2023","144.68","145.77","143.43","145.67","1,080,300"
"May 9, 2023","141.93","143.17","141.47","143.00","548,700"
"May 8, 2023","144.35","144.83","142.61","143.13","791,400"
"May 5, 2023","142.00","143.84","141.71","143.66","848,900"
"May 4, 2023","142.04","142.61","140.67","141.27","862,000"
"May 3, 2023","143.49","144.99","142.52","142.57","1,262,200"
"May 2, 2023","144.03","144.39","141.17","142.42","1,356,800"
"May 1, 2023","144.71","145.99","144.46","144.54","1,568,200"
"Apr 28, 2023","141.46","144.72","141.40","144.64","1,949,000"
"Apr 27, 2023","141.45","142.18","139.63","141.89","1,254,000"
"Apr 26, 2023","141.12","142.08","140.64","141.25","1,068,700"
"Apr 25, 2023","146.60","146.60","141.87","141.97","1,910,100"
"Apr 24, 2023","147.94","148.32","145.91","146.83","799,100"
"Apr 21, 2023","148.30","148.82","147.22","148.37","573,800"
"Apr 20, 2023","147.16","149.23","146.30","147.80","988,600"
"Apr 19, 2023","149.61","149.71","146.93","148.63","1,463,000"
"Apr 18, 2023","153.74","153.95","149.78","150.27","1,853,200"
"Apr 17, 2023","158.70","158.70","151.50","153.03","1,925,100"
"Apr 14, 2023","159.61","161.65","158.76","159.56","720,800"
"Apr 13, 2023","158.09","160.14","157.38","159.76","887,700"
"Apr 12, 2023","157.72","159.60","157.29","157.69","1,064,600"
"Apr 11, 2023","158.08","158.43","155.95","156.17","999,700"
"Apr 10, 2023","155.00","157.44","155.00","157.41","501,100"
"Apr 6, 2023","154.50","156.68","153.66","155.75","869,700"
"Apr 5, 2023","156.49","157.35","155.53","155.96","915,400"
"Apr 4, 2023","161.36","161.77","156.51","157.30","1,755,900"
"Apr 3, 2023","159.91","161.32","159.29","161.07","683,000"
"Mar 31, 2023","158.63","161.71","158.32","161.48","932,200"
"Mar 30, 2023","158.27","159.44","157.58","158.07","737,200"
"Mar 29, 2023","157.13","157.45","155.51","156.65","602,400"
"Mar 28, 2023","155.45","155.48","153.99","155.31","483,100"
"Mar 27, 2023","157.72","158.10","155.65","155.75","556,500"
"Mar 24, 2023","156.18","156.75","154.68","156.70","930,600"
"Mar 23, 2023","155.66","159.00","154.90","156.44","1,529,500"
"Mar 22, 2023","156.62","159.28","154.77","154.83","726,700"
"Mar 21, 2023","156.99","157.85","155.63","157.25","975,900"
"Mar 20, 2023","154.88","157.88","154.88","155.56","830,900"
"Mar 17, 2023","155.51","155.93","152.89","155.16","2,392,100"
"Mar 16, 2023","154.21","155.92","153.66","155.39","2,006,700"
"Mar 15, 2023","154.16","155.47","152.58","154.45","948,100"
"Mar 14, 2023","156.83","158.30","155.09","156.77","1,143,300"
"Mar 13, 2023","153.38","157.22","152.27","154.19","976,000"
"Mar 10, 2023","157.18","157.73","153.21","154.51","859,200"
"Mar 9, 2023","159.21","160.34","157.21","157.42","1,235,200"
"Mar 8, 2023","158.50","159.28","156.97","158.38","1,499,900"
"Mar 7, 2023","159.99","160.68","157.33","158.01","1,104,400"
"Mar 6, 2023","160.34","161.43","158.95","159.36","1,050,400"
"Mar 3, 2023","157.50","159.70","157.33","159.70","1,148,000"
"Mar 2, 2023","155.78","157.90","154.70","157.84","1,130,800"
"Mar 1, 2023","159.49","160.65","155.79","157.12","1,196,000"
"Feb 28, 2023","160.92","161.60","159.72","159.96","1,932,200"
"Feb 27, 2023","159.38","161.77","158.85","161.23","1,189,600"
"Feb 24, 2023","158.78","158.98","154.79","157.81","1,630,600"
"Feb 23, 2023","160.87","161.99","158.41","160.86","2,732,200"
"Feb 22, 2023","160.65","163.51","151.31","159.72","6,279,500"
"Feb 21, 2023","184.29","185.69","182.98","182.98","1,765,600"
"Feb 17, 2023","185.89","187.49","185.08","185.78","1,145,800"
"Feb 16, 2023","186.65","189.32","185.96","186.97","1,002,600"
"Feb 15, 2023","184.67","188.57","184.67","188.51","943,800"
"Feb 14, 2023","183.86","186.73","183.21","185.24","902,400"
"Feb 13, 2023","181.31","184.39","181.02","184.00","647,500"
"Feb 10, 2023","181.25","182.13","180.26","180.75","1,054,200"
"Feb 9, 2023","183.08","184.83","181.60","182.52","1,106,200"
"Feb 8, 2023","182.02","183.41","180.37","181.38","576,600"
"Feb 7, 2023","178.48","183.35","177.67","182.97","892,200"
"Feb 6, 2023","179.62","180.86","178.56","179.23","875,400"
"Feb 3, 2023","180.29","184.61","180.29","181.40","708,400"
"Feb 2, 2023","181.49","183.55","179.72","182.18","1,133,600"
"Feb 1, 2023","178.22","180.48","175.98","179.49","1,148,300"
"Jan 31, 2023","177.34","179.44","176.72","179.35","1,001,500"
"Jan 30, 2023","176.13","177.79","175.54","176.91","1,116,900"
"Jan 27, 2023","178.81","179.84","177.24","177.45","1,182,400"
"Jan 26, 2023","181.47","182.33","179.06","180.06","1,051,600"
"Jan 25, 2023","177.71","180.89","175.85","180.85","1,040,500"
"Jan 24, 2023","180.55","181.72","178.92","180.21","594,000"
"Jan 23, 2023","178.77","181.96","177.75","180.55","1,008,300"
"Jan 20, 2023","177.11","179.27","176.00","178.92","1,015,400"
"Jan 19, 2023","180.43","181.34","176.20","176.72","1,099,500"
"Jan 18, 2023","186.02","188.01","181.26","181.49","1,147,400"
"Jan 17, 2023","180.98","185.80","180.61","184.96","1,508,000"
"Jan 13, 2023","177.16","180.90","177.16","180.61","953,500"
"Jan 12, 2023","179.37","180.50","177.63","177.92","668,100"
"Jan 11, 2023","175.91","179.45","174.69","179.44","904,900"
"Jan 10, 2023","177.24","178.47","175.85","178.01","1,085,600"
"Jan 9, 2023","177.28","180.62","175.98","176.61","1,264,200"
"Jan 6, 2023","171.42","176.40","170.29","175.42","701,100"
"Jan 5, 2023","169.14","170.39","167.81","168.87","792,000"
"Jan 4, 2023","172.81","174.03","168.92","170.49","687,800"
"Jan 3, 2023","172.87","172.87","169.40","170.94","978,800"
"Dec 30, 2022","170.50","171.11","169.06","171.07","433,500"
"Dec 29, 2022","169.40","172.55","168.63","172.20","517,500"
"Dec 28, 2022","169.79","170.62","167.44","167.66","462,500"
"Dec 27, 2022","169.95","170.54","168.31","169.63","509,300"
"Dec 23, 2022","169.32","170.07","168.09","169.83","562,900"
"Dec 22, 2022","172.57","172.85","166.43","169.78","859,200"
"Dec 21, 2022","173.07","174.74","172.11","174.07","709,300"
"Dec 20, 2022","171.01","173.09","170.90","172.34","887,300"
"Dec 19, 2022","173.59","173.72","170.65","171.38","944,400"
"Dec 16, 2022","174.48","175.40","173.30","173.85","1,612,100"
"Dec 15, 2022","180.46","180.48","175.94","176.18","756,100"
"Dec 14, 2022","184.81","186.73","181.89","182.98","900,400"
"Dec 13, 2022","187.35","189.45","183.32","185.20","1,154,100"
"Dec 12, 2022","181.43","183.10","180.21","183.10","780,400"
"Dec 9, 2022","181.10","182.78","180.37","180.72","1,536,800"
"Dec 8, 2022","179.03","181.98","178.58","181.05","980,400"
"Dec 7, 2022","175.98","177.87","174.48","177.70","587,100"
"Dec 6, 2022","177.91","178.79","174.89","176.83","631,000"
"Dec 5, 2022","178.88","179.28","176.95","178.56","715,900"
"Dec 2, 2022","179.09","180.74","178.04","180.53","811,700"
"Dec 1, 2022","180.85","185.58","180.85","181.48","979,100"
"Nov 30, 2022","173.43","180.93","172.46","180.89","1,789,900"
"Nov 29, 2022","173.45","174.96","172.82","173.11","919,400"
"Nov 28, 2022","175.09","176.64","173.02","173.59","1,339,200"
"Nov 25, 2022","176.50","177.25","175.88","176.62","413,600"
"Nov 23, 2022","174.97","177.92","174.53","176.04","831,300"
"Nov 22, 2022","172.82","175.83","172.24","174.28","916,200"
"Nov 21, 2022","170.96","173.43","170.96","172.13","1,268,700"
"Nov 18, 2022","172.00","173.76","168.90","171.90","1,281,500"
"Nov 17, 2022","164.31","166.38","163.21","166.03","1,072,000"
"Nov 16, 2022","172.02","172.02","166.52","166.57","958,200"
"Nov 15, 2022","174.19","175.99","171.33","172.48","782,700"
"Nov 14, 2022","171.34","174.64","171.00","171.04","897,000"
"Nov 11, 2022","172.38","172.89","170.17","172.18","1,018,300"
"Nov 10, 2022","167.00","171.90","165.99","171.71","1,268,200"
"Nov 9, 2022","162.76","163.08","160.63","161.02","720,000"
"Nov 8, 2022","164.26","166.07","162.02","163.62","1,047,100"
"Nov 7, 2022","165.04","165.64","162.08","163.52","960,500"
"Nov 4, 2022","169.14","169.14","159.38","163.85","1,561,600"
"Nov 3, 2022","165.57","168.52","164.15","166.97","796,000"
"Nov 2, 2022","173.50","173.89","166.93","167.10","1,256,100"
"Nov 1, 2022","176.22","176.57","172.74","173.98","755,800"
"Oct 31, 2022","176.17","176.26","173.07","174.15","1,039,500"
"Oct 28, 2022","173.62","177.73","172.89","177.65","823,000"
"Oct 27, 2022","176.15","176.71","173.06","173.39","908,200"
"Oct 26, 2022","173.46","176.92","172.01","175.27","928,700"
"Oct 25, 2022","169.23","173.79","169.23","173.71","908,100"
"Oct 24, 2022","169.54","169.82","166.97","169.40","1,161,700"
"Oct 21, 2022","161.31","169.63","160.87","168.96","1,105,700"
"Oct 20, 2022","161.30","164.02","159.13","160.80","812,900"
"Oct 19, 2022","159.85","161.79","159.26","161.15","629,600"
"Oct 18, 2022","163.04","163.78","159.87","161.20","707,500"
"Oct 17, 2022","157.58","159.95","157.43","159.11","736,200"
"Oct 14, 2022","157.98","158.99","154.04","154.24","1,074,800"
"Oct 13, 2022","150.09","157.37","149.73","156.99","1,151,300"
"Oct 12, 2022","157.36","157.72","153.73","153.78","926,800"
"Oct 11, 2022","159.75","159.85","155.22","156.00","905,900"
"Oct 10, 2022","162.45","162.45","157.35","160.32","792,600"
"Oct 7, 2022","166.00","166.05","160.16","161.06","769,700"
"Oct 6, 2022","168.65","170.34","168.17","168.51","726,200"
"Oct 5, 2022","166.69","169.76","166.35","168.71","679,700"
"Oct 4, 2022","165.20","168.93","165.20","168.65","1,095,700"
"Oct 3, 2022","159.33","163.44","158.72","162.42","727,200"
"Sep 30, 2022","158.18","162.13","157.16","157.36","1,204,500"
"Sep 29, 2022","158.23","159.11","156.56","158.82","1,140,100"
"Sep 28, 2022","157.05","160.58","155.45","159.55","1,095,400"
"Sep 27, 2022","157.66","158.98","155.02","156.91","1,012,200"
"Sep 26, 2022","156.27","158.07","155.45","155.56","1,016,000"
"Sep 23, 2022","157.20","157.85","154.46","156.85","694,300"
"Sep 22, 2022","161.22","161.88","158.69","158.71","675,400"
"Sep 21, 2022","165.56","167.17","161.96","162.05","565,800"
"Sep 20, 2022","164.82","165.34","163.03","164.46","583,900"
"Sep 19, 2022","163.77","166.26","163.21","165.96","587,300"
"Sep 16, 2022","164.48","165.60","162.80","165.43","1,644,200"
"Sep 15, 2022","168.12","168.44","164.81","165.66","690,600"
"Sep 14, 2022","168.36","170.81","166.28","168.11","911,700"
"Sep 13, 2022","169.50","171.30","167.64","168.36","667,200"
"Sep 12, 2022","172.90","173.74","171.59","173.70","997,300"
"Sep 9, 2022","173.34","173.94","171.83","172.36","1,087,200"
"Sep 8, 2022","169.07","172.97","168.17","172.90","995,400"
"Sep 7, 2022","165.07","170.93","164.65","169.67","1,552,000"
"Sep 6, 2022","163.69","164.28","161.45","163.53","774,600"
"Sep 2, 2022","166.60","166.75","162.29","163.27","771,100"
"Sep 1, 2022","162.08","164.15","161.06","164.06","1,007,000"
"Aug 31, 2022","164.75","165.91","163.25","163.89","1,260,900"
"Aug 30, 2022","167.72","167.72","162.95","164.00","862,300"
"Aug 29, 2022","164.99","168.72","164.03","166.35","1,138,400"
"Aug 26, 2022","172.53","172.53","166.89","167.08","1,049,600"
"Aug 25, 2022","171.85","173.16","170.55","172.61","661,600"
"Aug 24, 2022","170.51","172.20","170.04","170.89","598,000"
"Aug 23, 2022","169.95","171.88","169.36","170.23","688,700"
"Aug 22, 2022","173.10","173.71","170.43","170.60","773,600"
"Aug 19, 2022","178.24","178.24","175.53","176.23","1,000,000"
"Aug 18, 2022","176.55","180.67","176.49","179.36","1,682,100"
"Aug 17, 2022","169.14","170.45","167.73","169.29","1,033,000"
"Aug 16, 2022","170.24","171.52","169.00","170.63","632,400"
"Aug 15, 2022","168.95","171.68","168.79","171.13","692,500"
"Aug 12, 2022","167.44","169.79","167.26","169.60","795,600"
"Aug 11, 2022","167.83","169.16","166.55","166.72","744,600"
"Aug 10, 2022","165.89","166.74","164.15","166.56","646,200"
"Aug 9, 2022","165.40","165.40","161.68","162.51","715,700"
"Aug 8, 2022","167.95","168.33","164.70","166.22","670,800"
"Aug 5, 2022","165.93","167.51","164.40","167.26","468,300"
"Aug 4, 2022","166.24","168.28","165.34","168.02","577,400"
"Aug 3, 2022","163.22","166.26","162.60","165.54","610,200"
"Aug 2, 2022","162.16","164.00","161.89","163.08","656,600"
"Aug 1, 2022","161.16","163.97","160.66","163.65","672,000"
"Jul 29, 2022","159.56","163.28","159.34","162.60","745,600"
"Jul 28, 2022","156.34","159.63","155.14","159.34","562,300"
"Jul 27, 2022","151.96","156.59","151.42","155.60","852,700"
"Jul 26, 2022","151.14","152.25","150.38","151.25","849,400"
"Jul 25, 2022","150.67","152.14","148.70","152.06","957,100"
"Jul 22, 2022","153.17","154.08","149.61","150.58","903,200"
"Jul 21, 2022","150.14","153.43","149.57","153.40","534,100"
"Jul 20, 2022","147.56","150.23","147.34","149.74","596,500"
"Jul 19, 2022","143.48","148.05","143.30","147.55","933,400"
"Jul 18, 2022","144.10","144.66","140.78","141.23","845,600"
"Jul 15, 2022","140.62","143.65","139.52","143.59","881,700"
"Jul 14, 2022","139.69","140.38","137.18","138.57","1,175,000"
"Jul 13, 2022","138.27","142.74","137.95","141.63","908,200"
"Jul 12, 2022","142.26","143.69","140.24","140.98","805,200"
"Jul 11, 2022","141.39","142.79","140.00","141.51","646,400"
"Jul 8, 2022","142.23","143.02","141.16","142.66","522,200"
"Jul 7, 2022","140.84","144.13","140.84","142.99","866,400"
"Jul 6, 2022","138.29","140.92","137.83","139.81","978,300"
"Jul 5, 2022","133.67","137.48","133.34","137.35","541,800"
"Jul 1, 2022","136.93","137.53","133.61","136.15","696,400"
"Jun 30, 2022","136.91","139.47","136.05","137.85","813,200"
"Jun 29, 2022","138.76","139.21","136.14","138.68","864,500"
"Jun 28, 2022","142.30","143.00","138.71","138.92","697,300"
"Jun 27, 2022","141.45","142.99","139.57","141.97","935,600"
"Jun 24, 2022","138.92","140.81","138.15","140.48","2,124,000"
"Jun 23, 2022","136.35","138.04","135.39","136.92","733,000"
"Jun 22, 2022","134.76","137.34","134.58","135.88","736,700"
"Jun 21, 2022","135.98","137.93","135.85","136.54","982,000"
"Jun 17, 2022","132.62","135.19","131.77","133.80","1,689,500"
"Jun 16, 2022","135.03","135.61","130.07","131.05","968,800"
"Jun 15, 2022","136.72","140.49","136.01","138.47","829,600"
"Jun 14, 2022","134.42","135.63","132.50","135.17","953,300"
"Jun 13, 2022","137.22","138.02","133.10","133.55","1,012,700"
"Jun 10, 2022","141.40","142.36","139.35","140.53","986,000"
"Jun 9, 2022","143.98","145.93","143.84","143.86","1,087,200"
"Jun 8, 2022","147.61","148.80","144.45","144.87","652,000"
"Jun 7, 2022","145.37","148.86","145.24","148.45","831,500"
"Jun 6, 2022","148.66","150.00","145.93","146.63","580,400"
"Jun 3, 2022","146.61","147.51","145.62","146.73","482,500"
"Jun 2, 2022","143.02","148.87","142.40","148.78","679,900"
"Jun 1, 2022","146.18","147.31","142.40","143.55","828,300"
"May 31, 2022","145.22","147.85","143.72","145.60","1,908,200"
"May 27, 2022","143.15","145.25","142.68","145.23","865,600"
"May 26, 2022","138.20","141.94","137.40","141.26","865,100"
"May 25, 2022","137.97","139.36","136.27","137.45","1,038,100"
"May 24, 2022","138.92","139.79","136.88","138.85","1,117,700"
"May 23, 2022","138.95","140.71","138.32","140.16","1,015,600"
"May 20, 2022","138.70","139.37","133.44","137.80","1,414,500"
"May 19, 2022","135.84","139.91","135.18","137.10","1,163,800"
"May 18, 2022","137.00","141.15","134.41","136.00","2,151,100"
"May 17, 2022","138.22","140.56","136.56","140.37","1,616,700"
"May 16, 2022","135.40","136.68","134.21","135.18","868,300"
"May 13, 2022","132.58","137.73","131.76","136.67","961,000"
"May 12, 2022","130.41","132.02","127.93","130.61","1,234,300"
"May 11, 2022","134.32","135.99","130.74","131.03","785,200"
"May 10, 2022","134.69","136.82","131.34","135.09","1,049,400"
"May 9, 2022","136.00","136.99","131.43","132.20","1,879,800"
"May 6, 2022","139.38","140.22","136.20","138.78","987,100"
"May 5, 2022","144.71","145.23","139.46","140.91","781,300"
"May 4, 2022","143.57","146.79","140.65","146.60","948,600"
"May 3, 2022","141.68","144.10","141.33","142.93","951,500"
"May 2, 2022","140.17","142.08","138.03","141.87","1,111,800"
"Apr 29, 2022","144.69","145.50","140.00","140.27","1,111,000"
"Apr 28, 2022","143.34","146.04","141.57","145.18","876,200"
"Apr 27, 2022","141.44","143.83","140.73","141.31","1,056,700"
"Apr 26, 2022","145.83","146.08","141.36","141.38","1,108,700"
"Apr 25, 2022","144.57","147.00","143.23","146.96","743,300"
"Apr 22, 2022","148.74","149.81","145.05","145.28","700,400"
"Apr 21, 2022","152.92","153.86","148.89","149.35","932,100"
"Apr 20, 2022","149.92","152.41","149.36","151.22","1,000,400"
"Apr 19, 2022","145.18","148.50","145.18","148.36","996,900"
"Apr 18, 2022","143.79","146.12","143.49","145.27","701,300"
"Apr 14, 2022","148.16","148.16","143.79","143.93","852,900"
"Apr 13, 2022","147.05","148.12","146.16","147.26","652,700"
"Apr 12, 2022","149.30","150.55","146.28","146.66","943,900"
"Apr 11, 2022","148.74","149.59","146.82","147.40","571,300"
"Apr 8, 2022","150.51","151.59","148.85","149.79","886,400"
"Apr 7, 2022","151.52","153.16","150.13","151.32","1,161,500"
"Apr 6, 2022","152.78","153.03","150.43","151.54","1,167,500"
"Apr 5, 2022","159.45","159.46","154.26","154.95","890,900"
"Apr 4, 2022","158.12","160.76","158.12","159.59","841,400"
"Apr 1, 2022","158.99","159.99","156.55","158.40","997,400"
"Mar 31, 2022","161.06","162.10","157.97","157.97","1,287,300"
"Mar 30, 2022","163.59","163.99","159.90","160.81","688,300"
"Mar 29, 2022","164.17","166.52","162.69","165.07","907,300"
"Mar 28, 2022","160.46","161.95","158.81","160.04","946,400"
"Mar 25, 2022","160.00","160.28","156.84","160.11","869,400"
"Mar 24, 2022","157.13","159.29","156.81","159.08","915,800"
"Mar 23, 2022","158.04","159.29","155.07","156.35","792,300"
"Mar 22, 2022","161.18","162.75","158.65","158.86","1,384,100"
"Mar 21, 2022","161.00","162.16","158.18","160.28","1,123,400"
"Mar 18, 2022","156.74","161.69","156.15","161.41","1,682,300"
"Mar 17, 2022","153.15","156.87","152.69","156.75","1,138,800"
"Mar 16, 2022","151.66","156.16","150.32","154.41","1,329,400"
"Mar 15, 2022","145.47","149.94","145.19","149.66","1,182,300"
"Mar 14, 2022","145.94","148.99","143.68","143.98","1,168,000"
"Mar 11, 2022","149.16","149.68","145.73","145.87","870,800"
"Mar 10, 2022","147.69","149.07","145.58","146.49","858,400"
"Mar 9, 2022","150.46","152.36","149.36","151.05","940,400"
"Mar 8, 2022","146.86","150.49","145.18","146.29","1,133,300"
"Mar 7, 2022","151.70","152.98","146.82","146.87","1,267,600"
"Mar 4, 2022","154.00","154.96","150.50","151.67","958,700"
"Mar 3, 2022","158.36","159.46","154.55","155.40","1,000,400"
"Mar 2, 2022","154.67","158.84","154.41","157.86","971,000"
"Mar 1, 2022","157.08","158.38","151.90","153.29","1,499,700"
"Feb 28, 2022","158.28","158.93","155.33","157.37","1,330,200"
"Feb 25, 2022","157.99","160.44","156.96","159.98","958,600"
"Feb 24, 2022","148.00","159.04","147.77","158.50","1,227,400"
"Feb 23, 2022","159.62","160.19","153.25","153.35","1,389,100"
"Feb 22, 2022","160.01","162.13","157.16","158.59","1,452,200"
"Feb 18, 2022","161.48","163.92","156.46","160.59","1,904,700"
"Feb 17, 2022","167.98","168.88","165.20","165.50","1,258,300"
"Feb 16, 2022","168.38","170.42","166.13","170.13","1,055,300"
"Feb 15, 2022","168.44","169.79","167.05","169.77","1,076,700"
"Feb 14, 2022","164.85","167.15","163.84","165.93","1,519,000"
"Feb 11, 2022","170.43","171.98","164.14","165.04","1,356,900"
"Feb 10, 2022","168.44","173.10","167.50","169.23","1,545,900"
"Feb 9, 2022","171.06","172.35","169.57","172.15","775,200"
"Feb 8, 2022","165.16","168.66","164.56","168.42","1,672,400"
"Feb 7, 2022","166.21","168.16","165.57","166.08","1,410,100"
"Feb 4, 2022","164.82","167.81","164.10","166.21","1,075,700"
"Feb 3, 2022","168.12","169.11","165.50","165.88","1,306,600"
"Feb 2, 2022","170.27","173.00","170.05","171.26","1,069,200"
"Feb 1, 2022","170.13","170.62","165.45","169.06","1,459,200"
"Jan 31, 2022","164.76","169.07","164.50","168.82","1,811,500"
"Jan 28, 2022","161.97","164.08","156.63","164.02","2,530,000"
"Jan 27, 2022","169.92","170.63","160.79","161.12","2,284,100"
"Jan 26, 2022","171.50","174.54","166.88","168.49","1,567,500"
"Jan 25, 2022","171.38","172.21","167.38","168.77","1,500,100"
"Jan 24, 2022","171.69","176.02","166.79","175.36","1,525,700"
"Jan 21, 2022","175.53","177.05","173.04","173.42","3,302,700"
"Jan 20, 2022","181.84","183.93","176.95","177.48","1,314,000"
"Jan 19, 2022","181.66","185.00","179.80","180.45","1,144,400"
"Jan 18, 2022","183.66","185.17","180.96","181.42","1,137,900"
"Jan 14, 2022","185.00","187.26","184.44","187.14","1,001,900"
"Jan 13, 2022","190.40","191.78","186.22","186.61","1,198,100"
"Jan 12, 2022","192.75","193.92","189.88","190.40","745,100"
"Jan 11, 2022","188.00","191.85","185.85","191.70","984,900"
"Jan 10, 2022","185.79","186.95","182.17","186.78","1,415,400"
"Jan 7, 2022","191.98","193.06","186.85","188.00","1,001,700"
"Jan 6, 2022","192.20","194.83","190.43","192.59","798,300"
"Jan 5, 2022","196.38","197.00","191.96","192.16","1,166,500"
"Jan 4, 2022","202.65","202.67","194.75","197.36","1,333,500"
"Jan 3, 2022","205.88","207.22","201.48","202.66","947,100"
"Dec 31, 2021","206.57","207.73","206.00","206.51","511,800"
"Dec 30, 2021","207.64","209.08","206.70","206.80","545,100"
"Dec 29, 2021","208.25","208.48","206.54","207.29","397,500"
"Dec 28, 2021","207.93","208.06","205.34","206.89","450,800"
"Dec 27, 2021","202.55","208.17","202.55","207.93","867,900"
"Dec 23, 2021","200.71","203.09","200.57","201.43","636,800"
"Dec 22, 2021","197.91","200.82","196.92","200.61","823,500"
"Dec 21, 2021","195.60","197.66","194.47","197.58","982,200"
"Dec 20, 2021","196.06","197.25","192.08","194.22","1,141,400"
"Dec 17, 2021","197.48","199.58","196.52","197.20","2,128,300"
"Dec 16, 2021","203.61","204.90","198.04","198.59","1,289,600"
"Dec 15, 2021","199.00","204.29","197.44","204.01","1,082,000"
"Dec 14, 2021","203.14","203.14","195.33","197.99","1,270,900"
"Dec 13, 2021","202.39","205.48","201.25","204.09","1,124,900"
"Dec 10, 2021","200.97","202.09","198.93","201.85","816,300"
"Dec 9, 2021","201.75","203.49","200.08","200.63","714,300"
"Dec 8, 2021","202.44","204.05","201.63","202.19","954,100"
"Dec 7, 2021","199.69","203.12","199.33","202.43","1,424,100"
"Dec 6, 2021","199.98","199.98","192.63","195.15","1,188,700"
"Dec 3, 2021","200.00","201.49","196.05","199.23","1,324,300"
"Dec 2, 2021","193.50","199.93","193.07","198.48","1,199,000"
"Dec 1, 2021","197.00","198.45","193.45","193.67","1,346,700"
"Nov 30, 2021","196.31","197.84","193.34","194.48","2,596,000"
"Nov 29, 2021","194.00","198.97","193.90","197.74","1,413,900"
"Nov 26, 2021","197.67","199.32","190.69","191.37","809,600"
"Nov 24, 2021","195.04","200.76","193.51","199.66","1,779,700"
"Nov 23, 2021","192.04","198.59","190.46","195.29","1,657,000"
"Nov 22, 2021","194.16","197.70","191.70","191.94","1,631,800"
"Nov 19, 2021","195.00","196.18","193.55","194.63","1,160,400"
"Nov 18, 2021","194.86","195.70","191.30","194.27","1,341,100"
"Nov 17, 2021","192.00","194.47","189.69","194.35","1,045,200"
"Nov 16, 2021","187.53","193.18","187.52","192.71","1,148,400"
"Nov 15, 2021","187.11","189.05","186.09","188.19","589,300"
"Nov 12, 2021","186.71","187.00","185.16","186.62","698,700"
"Nov 11, 2021","184.71","186.65","184.02","185.76","510,300"
"Nov 10, 2021","184.69","185.77","181.93","183.61","710,200"
"Nov 9, 2021","186.00","187.76","184.89","185.86","579,700"
"Nov 8, 2021","185.24","186.85","183.60","186.28","514,400"
"Nov 5, 2021","186.90","187.78","183.17","183.68","1,078,000"
"Nov 4, 2021","184.00","186.10","183.33","186.06","777,500"
"Nov 3, 2021","184.11","184.72","181.99","183.46","737,200"
"Nov 2, 2021","182.00","185.41","181.16","184.79","817,500"
"Nov 1, 2021","180.50","181.68","179.28","181.03","514,200"
"Oct 29, 2021","178.26","180.25","178.07","180.02","703,600"
"Oct 28, 2021","178.00","180.30","177.78","179.35","400,000"
"Oct 27, 2021","177.44","179.49","176.65","176.94","360,000"
"Oct 26, 2021","178.65","179.00","176.62","177.78","636,400"
"Oct 25, 2021","176.56","178.35","175.23","177.60","463,800"
"Oct 22, 2021","176.65","178.80","175.93","176.22","417,700"
"Oct 21, 2021","174.68","176.54","173.31","176.45","647,200"
"Oct 20, 2021","175.00","176.43","173.50","174.13","473,100"
"Oct 19, 2021","173.26","174.85","172.98","174.72","606,400"
"Oct 18, 2021","168.57","172.90","168.20","172.63","646,000"
"Oct 15, 2021","168.81","169.58","167.95","168.71","1,094,700"
"Oct 14, 2021","165.59","168.46","165.59","168.27","583,200"
"Oct 13, 2021","162.43","165.00","161.60","164.03","893,700"
"Oct 12, 2021","162.94","162.97","160.43","161.31","915,600"
"Oct 11, 2021","161.14","163.56","161.01","161.68","706,900"
"Oct 8, 2021","163.25","163.43","160.94","161.76","670,400"
"Oct 7, 2021","163.15","166.32","162.76","163.23","1,037,300"
"Oct 6, 2021","160.71","162.17","159.07","161.15","1,037,500"
"Oct 5, 2021","161.92","163.79","161.32","162.75","812,400"
"Oct 4, 2021","164.88","165.54","159.39","161.16","1,187,200"
"Oct 1, 2021","164.73","166.25","163.23","165.42","801,000"
"Sep 30, 2021","167.64","168.91","164.21","164.29","1,240,900"
"Sep 29, 2021","168.57","170.46","166.79","166.89","1,126,400"
"Sep 28, 2021","175.01","175.76","167.90","167.90","1,394,000"
"Sep 27, 2021","177.29","177.57","175.50","176.83","876,900"
"Sep 24, 2021","178.87","179.12","177.64","178.38","576,800"
"Sep 23, 2021","177.63","180.71","177.34","179.75","634,500"
"Sep 22, 2021","174.92","177.51","174.28","176.72","642,800"
"Sep 21, 2021","175.29","175.29","172.77","174.23","704,400"
"Sep 20, 2021","174.88","174.88","172.53","173.88","1,109,800"
"Sep 17, 2021","178.52","179.99","177.18","177.45","1,167,200"
"Sep 16, 2021","179.33","179.99","178.11","179.78","609,600"
"Sep 15, 2021","178.61","180.40","177.77","179.64","578,500"
"Sep 14, 2021","178.93","179.15","177.50","178.17","923,900"
"Sep 13, 2021","181.00","181.09","176.90","178.17","1,351,700"
"Sep 10, 2021","181.95","182.00","179.92","180.14","628,400"
"Sep 9, 2021","181.91","181.91","180.16","180.79","939,900"
"Sep 8, 2021","180.70","181.56","179.31","181.46","529,800"
"Sep 7, 2021","181.10","182.49","180.43","181.17","596,300"
"Sep 3, 2021","180.25","182.14","180.00","181.28","715,500"
"Sep 2, 2021","179.73","180.32","178.98","180.29","554,700"
"Sep 1, 2021","178.96","179.85","177.01","178.72","1,335,200"
"Aug 31, 2021","180.04","180.07","177.28","179.38","1,017,700"
"Aug 30, 2021","177.77","180.40","177.77","179.09","597,000"
"Aug 27, 2021","176.00","178.32","174.82","177.51","786,600"
"Aug 26, 2021","174.58","175.90","173.96","175.58","1,067,900"
"Aug 25, 2021","174.79","175.32","173.93","174.64","1,146,900"
"Aug 24, 2021","173.25","175.14","172.75","174.93","1,066,000"
"Aug 23, 2021","169.49","172.91","169.34","171.32","804,100"
"Aug 20, 2021","166.36","169.22","166.08","168.79","807,200"
"Aug 19, 2021","163.64","168.94","161.11","166.69","1,389,600"
"Aug 18, 2021","163.80","165.26","163.11","163.66","1,066,300"
"Aug 17, 2021","165.75","165.81","163.18","164.42","543,400"
"Aug 16, 2021","165.59","166.69","164.47","166.65","452,900"
"Aug 13, 2021","165.43","166.25","164.16","166.10","503,500"
"Aug 12, 2021","165.00","165.11","163.23","165.03","576,200"
"Aug 11, 2021","165.61","165.62","163.67","165.05","585,100"
"Aug 10, 2021","167.58","167.99","164.51","165.63","680,200"
"Aug 9, 2021","166.42","167.15","166.07","166.95","501,200"
"Aug 6, 2021","166.59","167.63","166.00","166.60","587,000"
"Aug 5, 2021","167.40","167.62","165.53","166.40","951,800"
"Aug 4, 2021","166.30","168.17","166.04","167.07","598,200"
"Aug 3, 2021","165.42","166.88","164.48","166.71","758,700"
"Aug 2, 2021","165.00","165.48","163.80","164.91","848,400"
"Jul 30, 2021","161.03","164.88","161.03","164.55","1,047,200"
"Jul 29, 2021","160.99","162.86","160.71","161.71","829,800"
"Jul 28, 2021","159.27","161.20","159.02","160.15","663,300"
"Jul 27, 2021","159.83","159.83","156.23","158.84","894,000"
"Jul 26, 2021","159.50","159.98","158.33","159.98","510,800"
"Jul 23, 2021","159.55","160.86","158.23","159.70","546,400"
"Jul 22, 2021","159.00","159.38","158.25","158.58","544,800"
"Jul 21, 2021","157.07","158.49","156.63","158.46","470,100"
"Jul 20, 2021","155.60","157.44","155.02","156.59","849,200"
"Jul 19, 2021","153.07","154.88","152.96","154.78","799,300"
"Jul 16, 2021","157.19","157.75","154.84","155.01","2,269,900"
"Jul 15, 2021","157.16","157.41","155.61","156.56","848,800"
"Jul 14, 2021","158.19","158.82","157.30","157.92","761,700"
"Jul 13, 2021","157.72","158.58","156.99","157.42","743,200"
"Jul 12, 2021","156.50","158.13","156.06","157.72","1,397,200"
"Jul 9, 2021","154.92","155.91","154.06","155.81","475,500"
"Jul 8, 2021","153.53","155.59","151.85","154.17","512,100"
"Jul 7, 2021","155.00","155.52","153.46","155.30","788,800"
"Jul 6, 2021","153.40","154.31","151.54","154.16","700,900"
"Jul 2, 2021","152.52","153.43","150.35","153.15","836,500"
"Jul 1, 2021","154.52","154.52","152.93","153.56","1,137,300"
"Jun 30, 2021","155.00","155.10","153.81","154.41","939,600"
"Jun 29, 2021","154.41","155.88","154.01","155.79","600,100"
"Jun 28, 2021","153.24","154.88","153.11","154.41","500,400"
"Jun 25, 2021","153.04","153.98","152.70","153.32","1,026,300"
"Jun 24, 2021","151.90","153.21","151.15","152.66","605,000"
"Jun 23, 2021","150.61","151.27","150.25","150.95","1,665,900"
"Jun 22, 2021","148.61","150.80","148.07","150.57","917,000"
"Jun 21, 2021","148.03","149.47","146.31","149.08","986,500"
"Jun 18, 2021","148.31","149.62","146.90","147.48","1,533,500"
"Jun 17, 2021","148.90","151.93","148.53","149.35","982,300"
"Jun 16, 2021","148.50","149.73","147.45","148.90","788,500"
"Jun 15, 2021","149.34","150.69","147.80","147.98","1,198,100"
"Jun 14, 2021","148.19","148.67","146.93","148.58","670,100"
"Jun 11, 2021","149.15","149.15","146.93","147.83","637,300"
"Jun 10, 2021","147.00","148.98","146.67","148.94","413,000"
"Jun 9, 2021","149.14","149.26","146.90","146.97","462,100"
"Jun 8, 2021","148.92","149.43","147.88","148.74","655,900"
"Jun 7, 2021","148.88","150.05","147.36","148.15","908,500"
"Jun 4, 2021","145.59","149.20","145.59","148.88","1,105,100"
"Jun 3, 2021","143.79","145.50","142.60","145.03","997,500"
"Jun 2, 2021","141.62","143.99","141.22","143.93","841,600"
"Jun 1, 2021","143.07","143.90","141.96","141.97","829,500"
"May 28, 2021","141.00","142.61","140.88","142.38","785,200"
"May 27, 2021","141.30","142.15","140.18","140.54","1,148,600"
"May 26, 2021","139.91","141.65","139.82","141.35","701,100"
"May 25, 2021","141.11","141.17","139.81","139.98","753,700"
"May 24, 2021","140.48","141.69","140.44","140.80","611,200"
"May 21, 2021","141.32","142.17","139.36","139.66","1,015,900"
"May 20, 2021","135.97","142.08","135.97","141.03","1,513,600"
"May 19, 2021","136.25","138.27","134.65","138.15","1,324,300"
"May 18, 2021","140.74","140.74","138.35","138.39","1,009,000"
"May 17, 2021","139.85","141.10","138.80","139.54","689,300"
"May 14, 2021","139.58","140.73","138.80","139.85","814,600"
"May 13, 2021","136.51","138.41","136.00","138.05","983,400"
"May 12, 2021","137.64","138.49","135.31","135.42","1,009,500"
"May 11, 2021","138.04","139.67","137.01","138.93","1,038,100"
"May 10, 2021","142.85","142.85","139.68","139.90","660,200"
"May 7, 2021","143.36","144.91","142.61","143.41","611,900"
"May 6, 2021","140.48","142.87","139.73","142.81","632,400"
"May 5, 2021","141.41","141.89","140.14","140.72","741,400"
"May 4, 2021","139.30","140.60","137.48","140.32","1,028,900"
"May 3, 2021","145.45","145.45","140.27","140.40","1,111,400"
"Apr 30, 2021","147.12","147.73","143.91","144.35","808,400"
"Apr 29, 2021","147.59","148.49","145.95","148.39","431,600"
"Apr 28, 2021","148.32","149.29","146.53","146.61","929,000"
"Apr 27, 2021","149.00","149.78","147.00","148.39","939,800"
"Apr 26, 2021","147.99","148.96","147.19","148.74","562,700"
"Apr 23, 2021","145.70","148.16","145.22","147.86","685,900"
"Apr 22, 2021","144.98","146.10","144.10","145.60","836,100"
"Apr 21, 2021","142.83","145.36","142.60","144.65","506,900"
"Apr 20, 2021","143.09","143.78","141.74","143.00","588,400"
"Apr 19, 2021","145.00","145.52","142.23","143.63","731,400"
"Apr 16, 2021","146.07","146.49","144.90","145.40","3,120,200"
"Apr 15, 2021","143.99","145.46","143.66","145.27","998,100"
"Apr 14, 2021","143.33","144.50","142.21","143.42","955,200"
"Apr 13, 2021","145.17","145.63","143.05","143.43","924,600"
"Apr 12, 2021","146.06","146.23","144.15","145.03","809,900"
"Apr 9, 2021","145.20","146.32","143.68","146.23","657,600"
"Apr 8, 2021","145.56","146.00","143.89","144.65","1,035,900"
"Apr 7, 2021","145.92","145.92","143.27","143.95","680,800"
"Apr 6, 2021","146.40","147.00","145.38","145.95","997,900"
"Apr 5, 2021","145.00","147.76","144.51","147.33","789,900"
"Apr 1, 2021","144.00","144.60","142.76","143.79","1,024,800"
"Mar 31, 2021","142.00","144.77","141.91","143.40","1,192,600"
"Mar 30, 2021","140.93","142.24","140.40","141.54","864,300"
"Mar 29, 2021","141.90","143.87","140.87","141.32","1,629,800"
"Mar 26, 2021","137.02","142.35","136.50","142.19","965,700"
"Mar 25, 2021","134.24","136.51","133.68","136.23","928,500"
"Mar 24, 2021","135.20","136.14","134.05","135.26","848,300"
"Mar 23, 2021","138.10","138.68","134.54","135.18","949,600"
"Mar 22, 2021","134.77","137.95","134.77","137.43","724,200"
"Mar 19, 2021","136.34","137.44","134.61","134.77","1,235,100"
"Mar 18, 2021","135.87","138.33","135.36","136.00","1,141,400"
"Mar 17, 2021","136.40","137.67","134.76","137.35","706,700"
"Mar 16, 2021","137.27","138.04","136.45","137.48","803,300"
"Mar 15, 2021","136.63","137.52","135.13","136.90","706,900"
"Mar 12, 2021","135.02","136.22","134.22","136.01","1,098,600"
"Mar 11, 2021","138.02","138.64","135.98","136.24","793,500"
"Mar 10, 2021","137.59","138.00","135.06","135.28","857,500"
"Mar 9, 2021","133.87","137.02","133.68","136.31","934,200"
"Mar 8, 2021","134.49","135.18","132.18","132.23","1,111,000"
"Mar 5, 2021","133.88","135.33","129.09","134.70","1,350,700"
"Mar 4, 2021","137.00","137.80","131.26","132.43","2,203,400"
"Mar 3, 2021","141.76","141.76","136.74","137.48","952,100"
"Mar 2, 2021","144.95","145.23","141.43","141.76","887,900"
"Mar 1, 2021","144.01","144.54","142.62","144.45","830,300"
"Feb 26, 2021","140.68","142.99","139.37","141.52","1,721,800"
"Feb 25, 2021","143.33","144.49","138.71","139.63","1,303,200"
"Feb 24, 2021","138.65","143.84","138.22","143.64","1,111,100"
"Feb 23, 2021","135.87","140.36","133.53","139.57","1,959,300"
"Feb 22, 2021","141.61","143.09","137.57","137.63","2,068,600"
"Feb 19, 2021","150.62","150.87","141.18","142.19","3,182,300"
"Feb 18, 2021","147.39","149.49","147.16","148.04","1,574,300"
"Feb 17, 2021","150.40","150.53","146.30","149.06","1,002,900"
"Feb 16, 2021","154.50","155.50","150.33","151.07","1,033,400"
"Feb 12, 2021","150.78","153.69","150.42","153.48","1,349,800"
"Feb 11, 2021","149.49","150.43","148.10","150.35","871,200"
"Feb 10, 2021","147.39","148.76","146.12","148.45","1,004,900"
"Feb 9, 2021","144.38","146.91","144.32","146.40","857,500"
"Feb 8, 2021","144.00","144.96","143.35","144.70","1,004,800"
"Feb 5, 2021","141.17","143.20","141.17","142.95","1,114,100"
"Feb 4, 2021","142.28","142.56","139.70","140.59","1,107,700"
"Feb 3, 2021","142.46","142.93","141.05","141.46","1,183,400"
"Feb 2, 2021","143.97","144.87","141.51","141.54","2,376,100"
"Feb 1, 2021","142.88","143.65","140.82","142.81","1,296,500"
"Jan 29, 2021","145.50","146.85","140.76","141.59","2,065,300"
"Jan 28, 2021","152.00","153.21","145.24","145.42","2,931,800"
"Jan 27, 2021","144.88","152.35","144.23","151.12","2,672,900"
"Jan 26, 2021","146.05","147.06","145.20","146.88","1,432,600"
"Jan 25, 2021","145.94","148.52","145.17","146.05","2,632,200"
"Jan 22, 2021","146.29","147.95","145.15","145.16","1,289,200"
"Jan 21, 2021","148.08","148.82","146.45","146.68","835,300"
"Jan 20, 2021","148.71","150.62","147.20","147.53","1,191,300"
"Jan 19, 2021","147.14","148.40","145.23","147.07","1,328,200"
"Jan 15, 2021","148.39","148.60","145.34","146.29","3,089,700"
"Jan 14, 2021","147.38","148.69","146.85","147.03","1,043,200"
"Jan 13, 2021","147.60","148.58","146.02","146.61","1,203,200"
"Jan 12, 2021","149.60","150.55","146.60","146.82","1,862,100"
"Jan 11, 2021","145.00","151.16","144.98","150.15","1,854,300"
"Jan 8, 2021","140.91","147.02","140.91","146.80","2,190,300"
"Jan 7, 2021","137.15","141.03","136.61","141.00","1,824,700"
"Jan 6, 2021","133.60","137.38","133.19","136.11","1,976,200"
"Jan 5, 2021","131.50","134.00","131.20","133.84","1,171,200"
"Jan 4, 2021","132.42","132.75","129.32","131.18","1,466,400"
"Dec 31, 2020","131.72","132.25","130.67","132.09","616,500"
"Dec 30, 2020","130.65","132.14","130.27","131.24","1,519,000"
"Dec 29, 2020","132.14","132.42","129.72","130.01","615,900"
"Dec 28, 2020","132.50","132.62","131.27","131.82","1,614,900"
"Dec 24, 2020","130.71","130.99","130.12","130.95","233,900"
"Dec 23, 2020","129.47","131.86","129.17","130.42","1,012,200"
"Dec 22, 2020","126.94","129.74","126.81","128.69","2,726,100"
"Dec 21, 2020","126.99","127.53","125.17","126.97","1,151,700"
"Dec 18, 2020","127.15","128.59","126.53","128.26","2,937,600"
"Dec 17, 2020","124.91","126.91","124.39","126.86","1,377,700"
"Dec 16, 2020","123.45","124.27","122.12","123.91","1,331,900"
"Dec 15, 2020","125.13","125.60","122.80","123.37","1,243,500"
"Dec 14, 2020","126.55","127.25","123.32","123.72","1,117,900"
"Dec 11, 2020","124.52","126.43","123.70","126.30","1,080,400"
"Dec 10, 2020","123.08","125.05","122.28","124.76","958,000"
"Dec 9, 2020","126.92","127.50","123.78","124.67","1,064,000"
"Dec 8, 2020","124.67","127.31","124.52","127.13","1,489,400"
"Dec 7, 2020","123.88","124.92","123.12","124.91","1,418,600"
"Dec 4, 2020","123.12","124.75","122.69","123.21","879,000"
"Dec 3, 2020","121.88","123.09","121.63","122.64","936,300"
"Dec 2, 2020","120.45","122.03","120.45","121.88","996,700"
"Dec 1, 2020","120.50","122.96","120.00","121.84","1,485,400"
"Nov 30, 2020","119.40","120.09","118.17","120.04","1,490,900"
"Nov 27, 2020","118.23","120.65","118.04","119.07","578,100"
"Nov 25, 2020","117.89","119.17","117.12","118.52","1,154,300"
"Nov 24, 2020","118.14","118.61","117.37","118.12","1,277,000"
"Nov 23, 2020","117.00","117.80","115.71","117.15","1,209,800"
"Nov 20, 2020","118.00","118.99","116.02","116.17","1,600,100"
"Nov 19, 2020","114.20","118.46","112.65","117.96","1,966,700"
"Nov 18, 2020","117.78","118.67","115.14","115.14","1,693,500"
"Nov 17, 2020","117.00","118.16","115.41","117.56","1,084,500"
"Nov 16, 2020","117.00","118.77","116.41","117.67","1,367,400"
"Nov 13, 2020","115.00","116.44","114.10","116.10","801,200"
"Nov 12, 2020","115.00","115.29","113.28","114.02","1,130,000"
"Nov 11, 2020","112.19","115.86","112.19","115.44","1,032,500"
"Nov 10, 2020","114.71","114.71","111.82","112.00","1,437,200"
"Nov 9, 2020","115.29","117.92","114.64","115.56","1,502,200"
"Nov 6, 2020","110.74","113.58","109.97","112.97","945,100"
"Nov 5, 2020","109.04","111.70","109.00","111.13","1,113,100"
"Nov 4, 2020","108.61","109.87","107.24","107.80","1,401,300"
"Nov 3, 2020","106.01","109.39","106.01","107.72","1,282,700"
"Nov 2, 2020","105.37","106.62","103.94","104.74","793,400"
"Oct 30, 2020","104.24","105.95","102.77","104.87","1,646,300"
"Oct 29, 2020","104.08","105.90","103.66","104.54","1,210,300"
"Oct 28, 2020","105.42","106.26","103.39","104.30","967,000"
"Oct 27, 2020","106.23","107.59","105.82","106.90","852,300"
"Oct 26, 2020","106.65","107.71","104.86","105.85","707,600"
"Oct 23, 2020","106.37","108.50","105.79","107.88","1,073,400"
"Oct 22, 2020","106.21","106.80","104.95","106.26","916,500"
"Oct 21, 2020","106.09","107.41","105.70","105.70","913,500"
"Oct 20, 2020","107.00","107.66","105.23","105.45","824,100"
"Oct 19, 2020","105.15","107.97","105.15","106.68","1,124,700"
"Oct 16, 2020","105.49","106.63","104.71","104.91","800,400"
"Oct 15, 2020","104.03","105.89","103.72","105.68","1,148,500"
"Oct 14, 2020","104.95","105.56","103.96","104.98","1,056,900"
"Oct 13, 2020","105.57","106.25","104.13","104.49","1,343,800"
"Oct 12, 2020","105.41","105.96","104.76","105.72","943,000"
"Oct 9, 2020","103.50","106.29","103.38","105.26","1,104,700"
"Oct 8, 2020","101.40","103.39","101.40","103.18","1,045,300"
"Oct 7, 2020","100.53","102.00","100.06","101.16","839,000"
"Oct 6, 2020","99.69","102.15","99.30","99.49","1,046,100"
"Oct 5, 2020","99.29","99.90","98.31","99.69","1,019,900"
"Oct 2, 2020","96.00","98.99","95.48","98.27","1,235,500"
"Oct 1, 2020","99.68","99.94","97.00","97.48","1,395,800"
"Sep 30, 2020","99.69","100.11","98.32","98.78","1,187,900"
"Sep 29, 2020","100.49","101.30","99.60","99.60","815,000"
"Sep 28, 2020","98.79","100.42","98.70","100.25","1,191,600"
"Sep 25, 2020","96.18","98.49","95.90","98.12","751,000"
"Sep 24, 2020","96.00","97.35","95.60","96.60","1,264,300"
"Sep 23, 2020","97.45","98.82","96.23","96.36","1,192,200"
"Sep 22, 2020","97.98","98.42","95.44","97.42","1,287,000"
"Sep 21, 2020","96.58","97.86","95.78","97.80","1,476,500"
"Sep 18, 2020","98.28","99.88","96.06","97.10","2,194,300"
"Sep 17, 2020","96.07","98.27","95.95","98.25","1,855,300"
"Sep 16, 2020","98.28","99.00","97.50","97.97","1,545,700"
"Sep 15, 2020","95.30","96.56","95.15","96.21","854,000"
"Sep 14, 2020","93.33","95.35","93.33","94.23","1,493,800"
"Sep 11, 2020","91.23","92.50","90.76","92.35","1,701,300"
"Sep 10, 2020","93.47","93.95","90.62","90.69","2,403,400"
"Sep 9, 2020","94.83","95.25","92.87","92.89","1,889,900"
"Sep 8, 2020","93.96","94.76","92.03","93.39","2,023,600"
"Sep 4, 2020","97.20","98.26","94.04","94.95","1,605,600"