Date,Open,High,Low,Close,Adj Close,Volume
"Sep 3, 2025","503.79","507.79","502.32","505.35","505.35","16,215,400"
"Sep 2, 2025","500.47","506.00","496.81","505.12","505.12","18,128,000"
"Aug 29, 2025","508.66","509.60","504.49","506.69","506.69","20,961,600"
"Aug 28, 2025","507.09","511.09","505.50","509.64","509.64","18,015,600"
"Aug 27, 2025","502.00","507.29","499.90","506.74","506.74","17,277,900"
"Aug 26, 2025","504.36","504.98","498.51","502.04","502.04","30,835,700"
"Aug 25, 2025","506.63","508.19","504.12","504.26","504.26","21,638,600"
"Aug 22, 2025","504.25","510.73","502.41","507.23","507.23","24,324,200"
"Aug 21, 2025","0.83","","","","",""
"Aug 21, 2025","503.69","507.63","502.72","504.24","504.24","18,443,300"
"Aug 20, 2025","509.87","511.00","504.44","505.72","504.89","27,723,000"
"Aug 19, 2025","515.00","515.16","508.55","509.77","508.93","21,481,000"
"Aug 18, 2025","521.59","522.82","514.02","517.10","516.25","23,760,600"
"Aug 15, 2025","522.77","526.10","519.08","520.17","519.32","25,213,300"
"Aug 14, 2025","522.56","525.95","520.14","522.48","521.62","20,269,100"
"Aug 13, 2025","532.11","532.70","519.37","520.58","519.73","19,619,200"
"Aug 12, 2025","523.75","530.98","522.70","529.24","528.37","18,667,000"
"Aug 11, 2025","522.30","527.59","519.72","521.77","520.91","20,194,400"
"Aug 8, 2025","522.60","524.66","519.41","522.04","521.18","15,531,000"
"Aug 7, 2025","526.80","528.09","517.55","520.84","519.99","16,079,100"
"Aug 6, 2025","530.90","531.70","524.03","524.94","524.08","21,355,700"
"Aug 5, 2025","537.18","537.30","527.24","527.75","526.88","19,171,600"
"Aug 4, 2025","528.27","538.25","528.13","535.64","534.76","25,349,000"
"Aug 1, 2025","535.00","535.80","520.86","524.11","523.25","28,977,600"
"Jul 31, 2025","555.23","555.45","531.90","533.50","532.62","51,617,300"
"Jul 30, 2025","515.17","515.95","509.44","513.24","512.40","26,380,400"
"Jul 29, 2025","515.53","517.62","511.56","512.57","511.73","16,469,200"
"Jul 28, 2025","514.08","515.00","510.12","512.50","511.66","14,308,000"
"Jul 25, 2025","512.47","518.29","510.36","513.71","512.87","19,125,700"
"Jul 24, 2025","508.77","513.67","507.30","510.88","510.04","16,107,000"
"Jul 23, 2025","506.75","506.79","500.70","505.87","505.04","16,396,600"
"Jul 22, 2025","510.97","511.20","505.27","505.27","504.44","13,868,600"
"Jul 21, 2025","506.71","512.09","505.55","510.06","509.22","14,066,800"
"Jul 18, 2025","514.48","514.64","507.43","510.05","509.21","21,209,700"
"Jul 17, 2025","505.68","513.37","505.62","511.70","510.86","17,503,100"
"Jul 16, 2025","505.18","506.72","501.89","505.62","504.79","15,154,400"
"Jul 15, 2025","503.02","508.30","502.79","505.82","504.99","14,927,200"
"Jul 14, 2025","501.52","503.97","501.03","503.02","502.19","12,058,800"
"Jul 11, 2025","498.47","505.03","497.80","503.32","502.49","16,459,500"
"Jul 10, 2025","503.05","504.44","497.75","501.48","500.66","16,492,100"
"Jul 9, 2025","500.30","506.78","499.74","503.51","502.68","18,659,500"
"Jul 8, 2025","497.24","498.20","494.11","496.62","495.80","11,846,600"
"Jul 7, 2025","497.38","498.75","495.23","497.72","496.90","13,981,600"
"Jul 3, 2025","493.81","500.13","493.44","498.84","498.02","13,984,800"
"Jul 2, 2025","489.99","493.50","488.70","491.09","490.28","16,319,600"
"Jul 1, 2025","496.47","498.05","490.98","492.05","491.24","19,945,400"
"Jun 30, 2025","497.04","500.76","495.33","497.41","496.59","28,369,000"
"Jun 27, 2025","497.55","499.30","493.03","495.94","495.13","34,539,200"
"Jun 26, 2025","492.98","498.04","492.81","497.45","496.63","21,578,900"
"Jun 25, 2025","492.04","494.56","489.39","492.27","491.46","17,495,100"
"Jun 24, 2025","488.95","491.85","486.80","490.11","489.31","22,305,600"
"Jun 23, 2025","478.21","487.75","472.51","486.00","485.20","24,864,000"
"Jun 20, 2025","482.23","483.46","476.87","477.40","476.62","37,576,200"
"Jun 18, 2025","478.00","481.00","474.46","480.24","479.45","17,526,500"
"Jun 17, 2025","475.40","478.74","474.08","478.04","477.26","15,414,100"
"Jun 16, 2025","475.21","480.69","475.00","479.14","478.35","15,626,100"
"Jun 13, 2025","476.41","479.18","472.76","474.96","474.18","16,814,500"
"Jun 12, 2025","475.02","480.42","473.52","478.87","478.08","18,950,600"
"Jun 11, 2025","470.02","475.47","469.66","472.62","471.84","16,399,200"
"Jun 10, 2025","471.19","472.80","466.96","470.92","470.15","15,375,900"
"Jun 9, 2025","469.70","473.43","468.62","472.75","471.97","16,469,900"
"Jun 6, 2025","470.09","473.34","468.78","470.38","469.61","15,285,600"
"Jun 5, 2025","464.96","469.65","464.03","467.68","466.91","20,131,700"
"Jun 4, 2025","464.00","465.69","463.02","463.87","463.11","14,162,700"
"Jun 3, 2025","461.47","464.14","460.86","462.97","462.21","15,743,800"
"Jun 2, 2025","457.14","462.11","456.89","461.97","461.21","16,626,500"
"May 30, 2025","459.72","461.68","455.54","460.36","459.60","34,770,500"
"May 29, 2025","461.55","461.72","455.31","458.68","457.93","13,974,800"
"May 28, 2025","461.22","462.52","456.93","457.36","456.61","17,086,300"
"May 27, 2025","456.48","460.95","456.12","460.69","459.93","20,974,300"
"May 23, 2025","449.98","453.69","448.91","450.18","449.44","16,883,500"
"May 22, 2025","454.95","460.25","453.90","454.86","454.11","18,025,600"
"May 21, 2025","454.57","457.78","451.81","452.57","451.83","19,216,900"
"May 20, 2025","455.59","458.34","454.32","458.17","457.42","15,441,800"
"May 19, 2025","450.88","459.59","450.80","458.87","458.12","21,336,500"
"May 16, 2025","452.05","454.36","448.73","454.27","453.52","23,849,800"
"May 15, 2025","0.83","","","","",""
"May 15, 2025","450.77","456.19","450.43","453.13","452.39","21,992,300"
"May 14, 2025","448.14","453.90","448.14","452.94","451.37","19,902,800"
"May 13, 2025","447.78","450.67","445.36","449.14","447.58","23,618,800"
"May 12, 2025","445.94","449.37","439.78","449.26","447.70","22,821,900"
"May 9, 2025","440.00","440.74","435.88","438.73","437.21","15,324,200"
"May 8, 2025","437.93","443.67","435.66","438.17","436.65","23,491,300"
"May 7, 2025","433.84","438.12","431.11","433.35","431.85","23,295,300"
"May 6, 2025","432.20","437.73","431.17","433.31","431.81","15,104,200"
"May 5, 2025","432.87","439.50","432.11","436.17","434.66","20,136,100"
"May 2, 2025","431.74","439.44","429.99","435.28","433.77","30,757,400"
"May 1, 2025","431.11","436.99","424.90","425.40","423.92","58,938,100"
"Apr 30, 2025","390.30","396.66","384.44","395.26","393.89","36,461,100"
"Apr 29, 2025","391.30","395.10","390.38","394.04","392.67","14,974,000"
"Apr 28, 2025","391.96","392.74","386.64","391.16","389.80","16,579,400"
"Apr 25, 2025","387.00","392.16","384.60","391.85","390.49","18,973,200"
"Apr 24, 2025","375.70","388.45","375.19","387.30","385.96","22,232,300"
"Apr 23, 2025","376.06","380.39","373.02","374.39","373.09","20,545,500"
"Apr 22, 2025","363.38","367.77","359.86","366.82","365.55","19,485,000"
"Apr 21, 2025","362.82","364.48","355.67","359.12","357.87","20,807,300"
"Apr 17, 2025","373.75","374.32","366.89","367.78","366.50","21,120,200"
"Apr 16, 2025","380.67","381.61","368.00","371.61","370.32","21,967,800"
"Apr 15, 2025","388.51","391.89","384.16","385.73","384.39","17,199,900"
"Apr 14, 2025","393.22","394.65","384.21","387.81","386.46","19,251,200"
"Apr 11, 2025","380.64","390.05","378.89","388.45","387.10","23,839,200"
"Apr 10, 2025","382.06","383.90","367.80","381.35","380.03","38,024,400"
"Apr 9, 2025","353.54","393.23","353.10","390.49","389.13","50,199,700"
"Apr 8, 2025","368.26","373.65","350.25","354.56","353.33","35,868,900"
"Apr 7, 2025","350.88","371.00","344.79","357.86","356.62","50,425,000"
"Apr 4, 2025","364.13","374.59","359.48","359.84","358.59","49,209,900"
"Apr 3, 2025","374.79","377.48","369.35","373.11","371.82","30,198,000"
"Apr 2, 2025","377.97","385.08","376.62","382.14","380.81","16,092,600"
"Apr 1, 2025","374.65","382.85","373.23","382.19","380.86","19,689,500"
"Mar 31, 2025","372.54","377.07","367.24","375.39","374.09","35,184,700"
"Mar 28, 2025","388.08","389.13","376.93","378.80","377.49","21,632,000"
"Mar 27, 2025","390.13","392.24","387.40","390.58","389.22","13,766,800"
"Mar 26, 2025","395.00","395.31","388.57","389.97","388.62","16,108,400"
"Mar 25, 2025","393.92","396.36","392.64","395.16","393.79","15,775,000"
"Mar 24, 2025","395.40","395.40","389.81","393.08","391.72","21,004,500"
"Mar 21, 2025","383.22","391.74","382.80","391.26","389.90","39,675,900"
"Mar 20, 2025","385.74","391.79","383.28","386.84","385.50","18,470,500"
"Mar 19, 2025","385.53","389.68","384.00","387.82","386.47","19,185,500"
"Mar 18, 2025","387.07","387.37","381.10","383.52","382.19","19,486,900"
"Mar 17, 2025","386.70","392.71","385.57","388.70","387.35","22,474,300"
"Mar 14, 2025","379.78","390.23","379.51","388.56","387.21","19,952,800"
"Mar 13, 2025","383.16","385.32","377.45","378.77","377.46","20,473,000"
"Mar 12, 2025","382.95","385.22","378.95","383.27","381.94","24,253,600"
"Mar 11, 2025","379.00","386.00","376.91","380.45","379.13","30,380,200"
"Mar 10, 2025","385.84","386.40","377.22","380.16","378.84","32,840,100"
"Mar 7, 2025","392.32","394.80","385.54","393.31","391.94","22,034,100"
"Mar 6, 2025","394.28","402.15","392.68","396.89","395.51","23,304,600"
"Mar 5, 2025","389.34","401.67","388.81","401.02","399.63","23,433,100"
"Mar 4, 2025","383.40","392.58","381.00","388.61","387.26","29,342,900"
"Mar 3, 2025","398.82","398.82","386.16","388.49","387.14","23,007,700"
"Feb 28, 2025","392.66","397.63","386.57","396.99","395.61","32,845,700"
"Feb 27, 2025","401.27","405.74","392.17","392.53","391.17","21,127,400"
"Feb 26, 2025","398.01","403.60","394.25","399.73","398.34","19,619,000"
"Feb 25, 2025","401.10","401.92","396.70","397.90","396.52","29,387,400"
"Feb 24, 2025","408.51","409.37","399.32","404.00","402.60","26,443,700"
"Feb 21, 2025","417.34","418.05","407.89","408.21","406.79","27,524,800"
"Feb 20, 2025","0.83","","","","",""
"Feb 20, 2025","415.29","419.31","412.54","416.13","414.69","23,508,700"
"Feb 19, 2025","407.88","415.49","407.65","414.77","412.50","24,114,200"
"Feb 18, 2025","408.00","410.60","406.50","409.64","407.40","21,423,100"
"Feb 14, 2025","407.79","408.91","405.88","408.43","406.20","22,758,500"
"Feb 13, 2025","407.00","411.00","406.36","410.54","408.30","23,891,700"
"Feb 12, 2025","407.21","410.75","404.37","409.04","406.80","19,121,700"
"Feb 11, 2025","409.64","412.49","409.30","411.44","409.19","18,140,600"
"Feb 10, 2025","413.71","415.46","410.92","412.22","409.97","20,817,900"
"Feb 7, 2025","416.48","418.65","408.10","409.75","407.51","22,886,800"
"Feb 6, 2025","414.00","418.20","414.00","415.82","413.55","16,309,800"
"Feb 5, 2025","412.35","413.83","410.40","413.29","411.03","16,316,700"
"Feb 4, 2025","412.69","413.92","409.74","412.37","410.12","20,532,100"
"Feb 3, 2025","411.60","415.41","408.66","410.92","408.67","25,679,100"
"Jan 31, 2025","418.98","420.69","414.91","415.06","412.79","34,161,900"
"Jan 30, 2025","418.77","422.86","413.16","414.99","412.72","54,586,300"
"Jan 29, 2025","446.69","446.88","440.40","442.33","439.91","23,581,400"
"Jan 28, 2025","434.60","448.38","431.38","447.20","444.76","23,491,700"
"Jan 27, 2025","424.01","435.20","423.50","434.56","432.19","35,647,800"
"Jan 24, 2025","445.16","446.65","441.40","444.06","441.63","15,549,500"
"Jan 23, 2025","442.00","446.75","441.50","446.71","444.27","18,389,300"
"Jan 22, 2025","437.56","447.27","436.00","446.20","443.76","27,803,800"
"Jan 21, 2025","430.20","430.90","425.60","428.50","426.16","26,085,700"
"Jan 17, 2025","434.09","434.48","428.17","429.03","426.69","26,197,500"
"Jan 16, 2025","428.70","429.49","424.39","424.58","422.26","15,300,000"
"Jan 15, 2025","419.13","428.15","418.27","426.31","423.98","19,637,800"
"Jan 14, 2025","417.81","419.74","410.72","415.67","413.40","16,935,900"
"Jan 13, 2025","415.24","418.50","412.29","417.19","414.91","17,604,800"
"Jan 10, 2025","424.63","424.71","415.02","418.95","416.66","20,201,100"
"Jan 8, 2025","423.46","426.97","421.54","424.56","422.24","15,054,600"
"Jan 7, 2025","429.00","430.65","420.80","422.37","420.06","18,139,100"
"Jan 6, 2025","428.00","434.32","425.48","427.85","425.51","20,573,600"
"Jan 3, 2025","421.08","424.03","419.54","423.35","421.04","16,662,900"
"Jan 2, 2025","425.53","426.07","414.85","418.58","416.29","16,896,500"
"Dec 31, 2024","426.10","426.73","420.66","421.50","419.20","13,246,500"
"Dec 30, 2024","426.06","427.55","421.90","424.83","422.51","13,158,700"
"Dec 27, 2024","434.60","435.22","426.35","430.53","428.18","18,117,700"
"Dec 26, 2024","439.08","440.94","436.63","438.11","435.72","8,194,200"
"Dec 24, 2024","434.65","439.60","434.19","439.33","436.93","7,164,500"
"Dec 23, 2024","436.74","437.65","432.83","435.25","432.87","19,152,500"
"Dec 20, 2024","433.11","443.74","428.63","436.60","434.21","64,263,700"
"Dec 19, 2024","441.62","443.18","436.32","437.03","434.64","22,963,700"
"Dec 18, 2024","451.32","452.65","437.02","437.39","435.00","24,444,500"
"Dec 17, 2024","451.01","455.29","449.57","454.46","451.98","22,733,500"
"Dec 16, 2024","447.27","452.18","445.28","451.59","449.12","23,598,800"
"Dec 13, 2024","448.44","451.43","445.58","447.27","444.83","20,177,800"
"Dec 12, 2024","449.11","456.16","449.11","449.56","447.10","20,834,800"
"Dec 11, 2024","444.05","450.35","444.05","448.99","446.54","19,200,200"
"Dec 10, 2024","444.39","449.62","441.60","443.33","440.91","18,469,500"
"Dec 9, 2024","442.60","448.33","440.50","446.02","443.58","19,144,400"
"Dec 6, 2024","442.30","446.10","441.77","443.57","441.15","18,821,000"
"Dec 5, 2024","437.92","444.66","436.17","442.62","440.20","21,697,800"
"Dec 4, 2024","433.03","439.67","432.63","437.42","435.03","26,009,400"
"Dec 3, 2024","429.84","432.47","427.74","431.20","428.84","18,302,000"
"Dec 2, 2024","421.57","433.00","421.31","430.98","428.62","20,207,200"
"Nov 29, 2024","420.09","424.88","417.80","423.46","421.15","16,271,900"
"Nov 27, 2024","425.11","427.23","422.02","422.99","420.68","18,332,400"
"Nov 26, 2024","419.59","429.04","418.85","427.99","425.65","23,458,900"
"Nov 25, 2024","418.38","421.08","414.85","418.79","416.50","27,691,100"
"Nov 22, 2024","411.37","417.40","411.06","417.00","414.72","24,814,600"
"Nov 21, 2024","0.83","","","","",""
"Nov 21, 2024","419.50","419.78","410.29","412.87","410.61","20,780,200"
"Nov 20, 2024","416.87","417.29","410.58","415.49","412.39","19,191,700"
"Nov 19, 2024","413.11","417.94","411.55","417.79","414.68","18,133,500"
"Nov 18, 2024","414.87","418.40","412.10","415.76","412.66","24,727,000"
"Nov 15, 2024","419.82","422.80","413.64","415.00","411.91","28,247,600"
"Nov 14, 2024","425.00","428.17","420.00","426.89","423.71","30,246,900"
"Nov 13, 2024","421.64","429.33","418.21","425.20","422.03","21,502,200"
"Nov 12, 2024","418.25","424.44","417.20","423.03","419.88","19,401,200"
"Nov 11, 2024","422.52","424.81","416.00","418.01","414.90","24,503,300"
"Nov 8, 2024","425.32","426.50","421.78","422.54","419.39","16,891,400"
"Nov 7, 2024","421.28","426.85","419.88","425.43","422.26","19,901,800"
"Nov 6, 2024","412.42","420.45","410.52","420.18","417.05","26,681,800"
"Nov 5, 2024","408.37","414.90","408.08","411.46","408.39","17,626,000"
"Nov 4, 2024","409.80","410.42","405.57","408.46","405.42","19,672,300"
"Nov 1, 2024","409.01","415.50","407.50","410.37","407.31","24,230,400"
"Oct 31, 2024","415.36","416.16","406.30","406.35","403.32","53,971,000"
"Oct 30, 2024","437.44","438.50","432.10","432.53","429.31","29,749,100"
"Oct 29, 2024","428.00","433.17","425.80","431.95","428.73","17,644,100"
"Oct 28, 2024","431.66","431.94","426.30","426.59","423.41","14,882,400"
"Oct 25, 2024","426.76","432.52","426.57","428.15","424.96","16,899,100"
"Oct 24, 2024","425.33","425.98","422.40","424.73","421.57","13,581,600"
"Oct 23, 2024","430.86","431.08","422.53","424.60","421.44","19,654,400"
"Oct 22, 2024","418.49","430.58","418.04","427.51","424.32","25,482,200"
"Oct 21, 2024","416.12","418.96","413.75","418.78","415.66","14,206,100"
"Oct 18, 2024","417.14","419.65","416.26","418.16","415.04","17,145,300"
"Oct 17, 2024","422.36","422.50","415.59","416.72","413.61","14,820,000"
"Oct 16, 2024","415.17","416.36","410.48","416.12","413.02","15,508,900"
"Oct 15, 2024","422.18","422.48","415.26","418.74","415.62","18,900,200"
"Oct 14, 2024","417.77","424.04","417.52","419.14","416.02","16,653,100"
"Oct 11, 2024","416.14","417.13","413.25","416.32","413.22","14,144,900"
"Oct 10, 2024","415.23","417.35","413.15","415.84","412.74","13,848,400"
"Oct 9, 2024","415.86","420.38","414.30","417.46","414.35","14,974,300"
"Oct 8, 2024","410.90","415.66","408.17","414.71","411.62","19,229,300"
"Oct 7, 2024","416.00","417.11","409.00","409.54","406.49","20,919,800"
"Oct 4, 2024","418.24","419.75","414.97","416.06","412.96","19,169,700"
"Oct 3, 2024","417.63","419.55","414.29","416.54","413.44","13,686,400"
"Oct 2, 2024","422.58","422.82","416.71","417.13","414.02","16,582,300"
"Oct 1, 2024","428.45","428.48","418.81","420.69","417.56","19,092,900"
"Sep 30, 2024","428.21","430.42","425.37","430.30","427.09","16,807,300"
"Sep 27, 2024","431.52","431.85","427.47","428.02","424.83","14,896,100"
"Sep 26, 2024","435.09","435.30","429.13","431.31","428.10","14,492,000"
"Sep 25, 2024","429.83","433.12","428.57","432.11","428.89","13,396,400"
"Sep 24, 2024","433.00","433.35","426.10","429.17","425.97","17,015,800"
"Sep 23, 2024","434.28","436.46","430.39","433.51","430.28","15,128,900"
"Sep 20, 2024","437.22","439.24","434.22","435.27","432.03","55,167,100"
"Sep 19, 2024","441.23","441.50","436.90","438.69","435.42","21,706,600"
"Sep 18, 2024","435.00","436.03","430.41","430.81","427.60","18,898,000"
"Sep 17, 2024","440.23","441.85","432.27","435.15","431.91","18,874,200"
"Sep 16, 2024","430.60","433.53","428.22","431.34","428.13","13,834,700"
"Sep 13, 2024","425.83","431.83","425.46","430.59","427.38","15,874,600"
"Sep 12, 2024","423.31","427.37","419.75","427.00","423.82","17,395,700"
"Sep 11, 2024","415.50","423.99","409.58","423.04","419.89","19,266,900"
"Sep 10, 2024","408.20","416.33","407.70","414.20","411.11","19,594,300"
"Sep 9, 2024","407.24","408.65","402.15","405.72","402.70","15,295,100"
"Sep 6, 2024","409.06","410.65","400.80","401.70","398.71","19,609,500"
"Sep 5, 2024","407.62","413.10","406.13","408.39","405.35","14,195,500"
"Sep 4, 2024","405.91","411.24","404.37","408.90","405.85","15,135,800"
"Sep 3, 2024","417.91","419.88","407.03","409.44","406.39","20,313,600"
"Aug 30, 2024","415.60","417.49","412.13","417.14","414.03","24,308,300"
"Aug 29, 2024","414.94","422.05","410.60","413.12","410.04","17,045,200"
"Aug 28, 2024","414.88","415.00","407.31","410.60","407.54","14,882,700"
"Aug 27, 2024","412.86","414.36","410.25","413.84","410.76","13,492,900"
"Aug 26, 2024","416.37","417.28","411.34","413.49","410.41","13,152,800"
"Aug 23, 2024","416.98","419.26","412.09","416.79","413.68","18,493,800"
"Aug 22, 2024","424.36","426.79","414.61","415.55","412.45","19,361,900"
"Aug 21, 2024","424.08","426.40","421.72","424.14","420.98","16,067,300"
"Aug 20, 2024","421.70","425.86","421.64","424.80","421.63","16,387,600"
"Aug 19, 2024","418.96","421.75","416.46","421.53","418.39","15,234,000"
"Aug 16, 2024","420.60","421.34","417.30","418.47","415.35","22,775,600"
"Aug 15, 2024","0.75","","","","",""
"Aug 15, 2024","419.80","421.11","417.66","421.03","417.89","20,752,100"
"Aug 14, 2024","414.80","417.72","412.45","416.86","413.01","18,267,000"
"Aug 13, 2024","409.59","414.95","409.57","414.01","410.19","19,414,300"
"Aug 12, 2024","407.06","408.76","404.24","406.81","403.05","16,762,900"
"Aug 9, 2024","404.03","408.05","402.26","406.02","402.27","19,276,700"
"Aug 8, 2024","402.44","405.86","399.94","402.69","398.97","20,203,000"
"Aug 7, 2024","408.64","410.08","397.47","398.43","394.75","20,650,900"
"Aug 6, 2024","400.00","405.67","398.50","399.61","395.92","24,946,500"
"Aug 5, 2024","389.17","401.04","385.58","395.15","391.50","40,709,200"
"Aug 2, 2024","412.49","415.00","404.34","408.49","404.72","29,437,900"
"Aug 1, 2024","420.79","427.46","413.09","417.11","413.26","30,296,400"
"Jul 31, 2024","420.50","421.78","412.21","418.35","414.49","42,891,400"
"Jul 30, 2024","427.72","429.05","417.36","422.92","419.01","32,687,600"
"Jul 29, 2024","431.58","432.15","424.70","426.73","422.79","15,125,800"
"Jul 26, 2024","418.20","428.92","417.27","425.27","421.34","23,583,800"
"Jul 25, 2024","428.80","429.80","417.51","418.40","414.54","29,943,800"
"Jul 24, 2024","440.45","441.48","427.59","428.90","424.94","26,805,800"
"Jul 23, 2024","443.90","448.39","443.10","444.85","440.74","13,107,100"
"Jul 22, 2024","441.79","444.60","438.91","442.94","438.85","15,808,800"
"Jul 19, 2024","433.10","441.14","432.00","437.11","433.07","20,940,400"
"Jul 18, 2024","444.34","444.65","434.40","440.37","436.30","20,794,800"
"Jul 17, 2024","442.59","444.85","439.18","443.52","439.42","21,778,000"
"Jul 16, 2024","454.22","454.30","446.66","449.52","445.37","17,175,700"
"Jul 15, 2024","453.30","457.26","451.43","453.96","449.77","14,429,400"
"Jul 12, 2024","454.33","456.36","450.65","453.55","449.36","16,324,300"
"Jul 11, 2024","462.98","464.78","451.55","454.70","450.50","23,111,200"
"Jul 10, 2024","461.22","466.46","458.86","466.25","461.94","18,196,100"
"Jul 9, 2024","467.00","467.33","458.00","459.54","455.30","17,207,200"
"Jul 8, 2024","466.55","467.70","464.46","466.24","461.93","12,962,300"
"Jul 5, 2024","459.61","468.35","458.97","467.56","463.24","16,000,300"
"Jul 3, 2024","458.19","461.02","457.88","460.77","456.51","9,932,800"
"Jul 2, 2024","453.20","459.59","453.11","459.28","455.04","13,979,800"
"Jul 1, 2024","448.66","457.37","445.66","456.73","452.51","17,662,800"
"Jun 28, 2024","453.07","455.38","446.41","446.95","442.82","28,362,300"
"Jun 27, 2024","452.18","456.17","451.77","452.85","448.67","14,806,300"
"Jun 26, 2024","449.00","453.60","448.19","452.16","447.98","16,507,000"
"Jun 25, 2024","448.25","451.42","446.75","450.95","446.78","16,413,400"
"Jun 24, 2024","449.80","452.75","446.41","447.67","443.53","15,913,700"
"Jun 21, 2024","447.38","450.58","446.51","449.78","445.63","34,187,100"
"Jun 20, 2024","446.30","446.53","441.27","445.70","441.58","19,877,400"
"Jun 18, 2024","449.71","450.14","444.89","446.34","442.22","17,112,500"
"Jun 17, 2024","442.59","450.94","440.72","448.37","444.23","20,790,000"
"Jun 14, 2024","438.28","443.14","436.72","442.57","438.48","13,582,000"
"Jun 13, 2024","440.85","443.39","439.37","441.58","437.50","15,960,600"
"Jun 12, 2024","435.32","443.40","433.25","441.06","436.99","22,366,200"
"Jun 11, 2024","425.48","432.82","425.25","432.68","428.68","14,551,100"
"Jun 10, 2024","424.70","428.08","423.89","427.87","423.92","13,982,900"
"Jun 7, 2024","426.20","426.28","423.00","423.85","419.93","13,621,700"
"Jun 6, 2024","424.01","425.31","420.58","424.52","420.60","14,861,300"
"Jun 5, 2024","417.81","424.08","416.30","424.01","420.09","16,988,000"
"Jun 4, 2024","412.43","416.44","409.68","416.07","412.23","14,348,900"
"Jun 3, 2024","415.53","416.43","408.92","413.52","409.70","17,484,700"
"May 31, 2024","416.75","416.75","404.51","415.13","411.30","47,995,300"
"May 30, 2024","424.30","424.30","414.24","414.67","410.84","28,394,500"
"May 29, 2024","425.69","430.94","425.69","429.17","425.21","15,517,100"
"May 28, 2024","429.63","430.82","426.60","430.32","426.35","15,718,000"
"May 24, 2024","427.19","431.06","424.41","430.16","426.19","11,855,300"
"May 23, 2024","432.97","433.60","425.42","427.00","423.06","17,211,700"
"May 22, 2024","430.09","432.41","427.13","430.52","426.54","18,073,700"
"May 21, 2024","426.83","432.97","424.85","429.04","425.08","21,453,300"
"May 20, 2024","420.21","426.77","419.99","425.34","421.41","16,272,100"
"May 17, 2024","422.54","422.92","418.03","420.21","416.33","15,352,200"
"May 16, 2024","421.80","425.42","420.35","420.99","417.10","17,530,100"
"May 15, 2024","0.75","","","","",""
"May 15, 2024","417.90","423.81","417.27","423.08","419.17","22,239,500"
"May 14, 2024","412.02","417.49","411.55","416.56","411.97","15,109,300"
"May 13, 2024","418.01","418.35","410.82","413.72","409.16","15,440,200"
"May 10, 2024","412.94","415.38","411.80","414.74","410.17","13,402,300"
"May 9, 2024","410.57","412.72","409.10","412.32","407.78","14,689,700"
"May 8, 2024","408.17","412.23","406.71","410.54","406.02","11,792,300"
"May 7, 2024","414.66","414.67","409.09","409.34","404.83","20,018,200"
"May 6, 2024","408.76","413.93","406.37","413.54","408.98","16,996,600"
"May 3, 2024","402.28","407.15","401.86","406.66","402.18","17,446,700"
"May 2, 2024","397.66","399.93","394.65","397.84","393.46","17,709,400"
"May 1, 2024","392.61","401.72","390.31","394.94","390.59","23,562,500"
"Apr 30, 2024","401.49","402.16","389.17","389.33","385.04","28,781,400"
"Apr 29, 2024","405.25","406.32","399.19","402.25","397.82","19,582,100"
"Apr 26, 2024","412.17","413.00","405.76","406.32","401.84","29,694,700"
"Apr 25, 2024","394.03","399.89","388.03","399.04","394.64","40,586,500"
"Apr 24, 2024","409.56","412.47","406.78","409.06","404.55","15,065,300"
"Apr 23, 2024","404.24","408.20","403.06","407.57","403.08","15,734,500"
"Apr 22, 2024","400.08","402.85","395.75","400.96","396.54","20,286,900"
"Apr 19, 2024","404.03","405.48","397.77","399.12","394.72","30,565,800"
"Apr 18, 2024","410.63","411.89","403.95","404.27","399.81","21,029,900"
"Apr 17, 2024","417.25","418.88","410.33","411.84","407.30","15,855,500"
"Apr 16, 2024","414.57","418.40","413.73","414.58","410.01","16,765,600"
"Apr 15, 2024","426.60","426.82","413.43","413.64","409.08","20,273,500"
"Apr 12, 2024","424.05","425.18","419.77","421.90","417.25","19,253,800"
"Apr 11, 2024","425.82","429.37","422.36","427.93","423.21","17,966,400"
"Apr 10, 2024","422.19","424.03","419.70","423.26","418.60","16,216,600"
"Apr 9, 2024","426.44","427.74","421.62","426.28","421.58","12,496,900"
"Apr 8, 2024","425.17","427.28","423.30","424.59","419.91","14,272,400"
"Apr 5, 2024","420.01","426.51","418.32","425.52","420.83","16,554,800"
"Apr 4, 2024","424.99","428.67","417.57","417.88","413.27","19,370,900"
"Apr 3, 2024","419.73","423.26","419.09","420.45","415.82","16,502,300"
"Apr 2, 2024","420.11","422.38","417.84","421.44","416.80","17,912,000"
"Apr 1, 2024","423.95","427.89","422.22","424.57","419.89","16,316,000"
"Mar 28, 2024","420.96","421.87","419.12","420.72","416.08","21,871,200"
"Mar 27, 2024","424.44","424.45","419.01","421.43","416.79","16,705,000"
"Mar 26, 2024","425.61","425.99","421.35","421.65","417.00","16,725,600"
"Mar 25, 2024","425.24","427.41","421.61","422.86","418.20","18,060,500"
"Mar 22, 2024","429.70","429.86","426.07","428.74","424.01","17,648,500"
"Mar 21, 2024","429.83","430.82","427.16","429.37","424.64","21,296,200"
"Mar 20, 2024","422.00","425.96","420.66","425.23","420.54","17,860,100"
"Mar 19, 2024","417.83","421.67","415.55","421.41","416.77","19,837,900"
"Mar 18, 2024","414.25","420.73","413.78","417.32","412.72","20,106,000"
"Mar 15, 2024","419.29","422.60","412.79","416.42","411.83","45,079,900"
"Mar 14, 2024","420.24","427.82","417.99","425.22","420.53","34,157,300"
"Mar 13, 2024","418.10","418.18","411.45","415.10","410.53","17,115,900"
"Mar 12, 2024","407.62","415.57","406.79","415.28","410.70","22,457,000"
"Mar 11, 2024","403.76","405.68","401.26","404.52","400.06","16,120,800"
"Mar 8, 2024","407.96","410.42","404.33","406.22","401.74","18,002,200"
"Mar 7, 2024","406.12","409.78","402.24","409.14","404.63","18,718,500"
"Mar 6, 2024","402.97","405.16","398.39","402.09","397.66","22,344,100"
"Mar 5, 2024","413.96","414.25","400.64","402.65","398.21","26,919,200"
"Mar 4, 2024","413.44","417.35","412.32","414.92","410.35","17,596,000"
"Mar 1, 2024","411.27","415.87","410.88","415.50","410.92","17,823,400"
"Feb 29, 2024","408.64","414.20","405.92","413.64","409.08","31,947,300"
"Feb 28, 2024","408.18","409.30","405.32","407.72","403.23","13,183,100"
"Feb 27, 2024","407.99","408.32","403.85","407.48","402.99","14,835,800"
"Feb 26, 2024","411.46","412.16","407.36","407.54","403.05","16,193,500"
"Feb 23, 2024","415.67","415.86","408.97","410.34","405.82","16,295,900"
"Feb 22, 2024","410.19","412.83","408.57","411.65","407.11","27,009,900"
"Feb 21, 2024","400.17","402.29","397.22","402.18","397.75","18,518,900"
"Feb 20, 2024","403.24","404.49","398.01","402.79","398.35","24,307,900"
"Feb 16, 2024","407.96","408.29","403.44","404.06","399.61","22,296,500"
"Feb 15, 2024","408.14","409.13","404.29","406.56","402.08","21,825,500"
"Feb 14, 2024","0.75","","","","",""
"Feb 14, 2024","408.07","409.84","404.57","409.49","404.98","20,401,200"
"Feb 13, 2024","404.94","410.07","403.39","406.32","401.10","27,824,900"
"Feb 12, 2024","420.56","420.74","414.75","415.26","409.93","21,202,900"
"Feb 9, 2024","415.25","420.82","415.09","420.55","415.15","22,032,800"
"Feb 8, 2024","414.05","415.56","412.53","414.11","408.79","21,225,300"
"Feb 7, 2024","407.44","414.30","407.40","414.05","408.73","22,340,500"
"Feb 6, 2024","405.88","407.97","402.91","405.49","400.28","18,382,600"
"Feb 5, 2024","409.90","411.16","403.99","405.65","400.44","25,352,300"
"Feb 2, 2024","403.81","412.65","403.56","411.22","405.94","28,256,700"
"Feb 1, 2024","401.83","408.00","401.80","403.78","398.59","30,657,700"
"Jan 31, 2024","406.96","415.32","397.21","397.58","392.47","47,871,100"
"Jan 30, 2024","412.26","413.05","406.45","408.59","403.34","33,477,600"
"Jan 29, 2024","406.06","409.98","404.33","409.72","404.46","24,510,200"
"Jan 26, 2024","404.37","406.17","402.43","403.93","398.74","17,803,300"
"Jan 25, 2024","404.32","407.01","402.53","404.87","399.67","21,021,200"
"Jan 24, 2024","401.54","405.63","400.45","402.56","397.39","24,867,000"
"Jan 23, 2024","395.75","399.38","393.93","398.90","393.78","20,525,900"
"Jan 22, 2024","400.02","400.62","393.59","396.51","391.42","27,016,900"
"Jan 19, 2024","395.76","398.67","393.50","398.67","393.55","29,331,100"
"Jan 18, 2024","391.72","393.99","390.12","393.87","388.81","23,392,100"
"Jan 17, 2024","387.98","390.11","384.81","389.47","384.47","22,234,100"
"Jan 16, 2024","393.66","394.03","387.62","390.27","385.26","27,202,300"
"Jan 12, 2024","385.49","388.68","384.65","388.47","383.48","21,661,200"
"Jan 11, 2024","386.00","390.68","380.38","384.63","379.69","27,850,800"
"Jan 10, 2024","376.37","384.17","376.32","382.77","377.85","25,514,200"
"Jan 9, 2024","372.01","375.99","371.19","375.79","370.96","20,830,000"
"Jan 8, 2024","369.30","375.20","369.01","374.69","369.88","23,134,000"
"Jan 5, 2024","368.97","372.06","366.50","367.75","363.03","21,004,600"
"Jan 4, 2024","370.67","373.10","367.17","367.94","363.21","20,901,500"
"Jan 3, 2024","369.01","373.26","368.51","370.60","365.84","23,083,500"
"Jan 2, 2024","373.86","375.90","366.77","370.87","366.11","25,258,600"
"Dec 29, 2023","376.00","377.16","373.48","376.04","371.21","18,730,800"
"Dec 28, 2023","375.37","376.46","374.16","375.28","370.46","14,327,000"
"Dec 27, 2023","373.69","375.06","372.81","374.07","369.26","14,905,400"
"Dec 26, 2023","375.00","376.94","373.50","374.66","369.85","12,673,100"
"Dec 22, 2023","373.68","375.18","372.71","374.58","369.77","17,107,500"
"Dec 21, 2023","372.56","374.41","370.04","373.54","368.74","17,708,000"
"Dec 20, 2023","375.00","376.03","370.53","370.62","365.86","26,316,700"
"Dec 19, 2023","371.49","373.26","369.84","373.26","368.46","20,603,700"
"Dec 18, 2023","369.45","373.00","368.68","372.65","367.86","21,802,900"
"Dec 15, 2023","366.85","372.40","366.28","370.73","365.97","78,502,300"
"Dec 14, 2023","373.31","373.76","364.13","365.93","361.23","43,277,500"
"Dec 13, 2023","376.02","377.64","370.77","374.37","369.56","30,955,500"
"Dec 12, 2023","370.85","374.42","370.46","374.38","369.57","24,838,300"
"Dec 11, 2023","368.48","371.60","366.10","371.30","366.53","27,708,800"
"Dec 8, 2023","369.20","374.46","368.23","374.23","369.42","20,154,400"
"Dec 7, 2023","368.23","371.45","366.32","370.95","366.18","23,118,900"
"Dec 6, 2023","373.54","374.18","368.03","368.80","364.06","21,182,100"
"Dec 5, 2023","366.45","373.08","365.62","372.52","367.73","23,065,000"
"Dec 4, 2023","369.10","369.52","362.90","369.14","364.40","32,063,300"
"Dec 1, 2023","376.76","378.16","371.31","374.51","369.70","33,040,500"
"Nov 30, 2023","378.49","380.09","375.47","378.91","374.04","30,554,400"
"Nov 29, 2023","383.76","384.30","377.44","378.85","373.98","28,963,400"
"Nov 28, 2023","378.35","383.00","378.16","382.70","377.78","20,453,100"
"Nov 27, 2023","376.78","380.64","376.20","378.61","373.75","22,179,200"
"Nov 24, 2023","377.33","377.97","375.14","377.43","372.58","10,176,600"
"Nov 22, 2023","378.00","379.79","374.97","377.85","373.00","23,345,300"
"Nov 21, 2023","375.67","376.22","371.12","373.07","368.28","28,423,100"
"Nov 20, 2023","371.22","378.87","371.00","377.44","372.59","52,465,100"
"Nov 17, 2023","373.61","374.37","367.00","369.85","365.10","40,157,000"
"Nov 16, 2023","370.96","376.35","370.18","376.17","371.34","27,182,300"
"Nov 15, 2023","0.75","","","","",""
"Nov 15, 2023","371.28","373.13","367.11","369.67","364.92","26,860,100"
"Nov 14, 2023","371.01","371.95","367.35","370.27","364.77","27,683,900"
"Nov 13, 2023","368.22","368.47","365.90","366.68","361.24","19,986,500"
"Nov 10, 2023","361.49","370.10","361.07","369.67","364.18","28,042,100"
"Nov 9, 2023","362.30","364.79","360.36","360.69","355.34","24,847,300"
"Nov 8, 2023","361.68","363.87","360.55","363.20","357.81","26,767,800"
"Nov 7, 2023","359.40","362.46","357.63","360.53","355.18","25,833,900"
"Nov 6, 2023","353.45","357.54","353.35","356.53","351.24","23,828,300"
"Nov 3, 2023","349.63","354.39","347.33","352.80","347.56","23,637,700"
"Nov 2, 2023","347.24","348.83","344.77","348.32","343.15","24,348,100"
"Nov 1, 2023","339.79","347.42","339.65","346.07","340.93","28,158,800"
"Oct 31, 2023","338.85","339.00","334.69","338.11","333.09","20,265,300"
"Oct 30, 2023","333.41","339.45","331.83","337.31","332.30","22,828,100"
"Oct 27, 2023","330.43","336.72","328.40","329.81","324.91","29,856,500"
"Oct 26, 2023","340.54","341.63","326.94","327.89","323.02","37,828,500"
"Oct 25, 2023","345.02","346.20","337.62","340.67","335.61","55,053,800"
"Oct 24, 2023","331.30","331.84","327.60","330.53","325.62","31,153,600"
"Oct 23, 2023","325.47","332.73","324.39","329.32","324.43","24,374,700"
"Oct 20, 2023","331.72","331.92","325.45","326.67","321.82","25,027,700"
"Oct 19, 2023","332.15","336.88","330.91","331.32","326.40","25,052,100"
"Oct 18, 2023","332.49","335.59","328.30","330.11","325.21","23,153,600"
"Oct 17, 2023","329.59","333.46","327.41","332.06","327.13","18,338,500"
"Oct 16, 2023","331.05","336.14","330.60","332.64","327.70","22,158,000"
"Oct 13, 2023","332.38","333.83","326.36","327.73","322.86","21,072,400"
"Oct 12, 2023","330.57","333.63","328.72","331.16","326.24","19,313,100"
"Oct 11, 2023","331.21","332.82","329.14","332.42","327.48","20,063,200"
"Oct 10, 2023","330.96","331.10","327.67","328.39","323.51","20,557,100"
"Oct 9, 2023","324.75","330.30","323.18","329.82","324.92","19,891,200"
"Oct 6, 2023","316.55","329.19","316.30","327.26","322.40","25,673,600"
"Oct 5, 2023","319.09","319.98","314.90","319.36","314.62","16,965,600"
"Oct 4, 2023","314.03","320.04","314.00","318.96","314.22","20,720,100"
"Oct 3, 2023","320.83","321.39","311.21","313.39","308.74","21,033,500"
"Oct 2, 2023","316.28","321.89","315.18","321.80","317.02","20,570,000"
"Sep 29, 2023","317.75","319.47","314.98","315.75","311.06","24,147,300"
"Sep 28, 2023","310.99","315.48","309.45","313.64","308.98","19,683,600"
"Sep 27, 2023","312.30","314.30","309.69","312.79","308.15","19,410,100"
"Sep 26, 2023","315.13","315.88","310.02","312.14","307.51","26,297,600"
"Sep 25, 2023","316.59","317.67","315.00","317.54","312.83","17,836,000"
"Sep 22, 2023","321.32","321.45","316.15","317.01","312.30","21,447,900"
"Sep 21, 2023","319.26","325.35","315.00","319.53","314.79","35,560,400"
"Sep 20, 2023","329.51","329.59","320.51","320.77","316.01","21,436,500"
"Sep 19, 2023","326.17","329.39","324.51","328.65","323.77","16,505,900"
"Sep 18, 2023","327.80","330.40","326.36","329.06","324.17","16,834,200"
"Sep 15, 2023","336.92","337.40","329.65","330.22","325.32","37,679,800"
"Sep 14, 2023","339.15","340.86","336.57","338.70","333.67","20,267,000"
"Sep 13, 2023","331.31","336.85","331.17","336.06","331.07","16,544,400"
"Sep 12, 2023","335.82","336.79","331.48","331.77","326.84","17,565,500"
"Sep 11, 2023","337.24","338.42","335.43","337.94","332.92","16,583,300"
"Sep 8, 2023","330.09","336.16","329.46","334.27","329.31","19,530,100"
"Sep 7, 2023","331.29","333.08","329.03","329.91","325.01","18,381,000"
"Sep 6, 2023","333.38","334.46","330.18","332.88","327.94","17,535,800"
"Sep 5, 2023","329.00","334.85","328.66","333.55","328.60","18,553,900"
"Sep 1, 2023","331.31","331.99","326.78","328.66","323.78","14,942,000"
"Aug 31, 2023","329.20","330.91","326.78","327.76","322.89","26,411,000"
"Aug 30, 2023","328.67","329.81","326.45","328.79","323.91","15,222,100"
"Aug 29, 2023","321.88","328.98","321.88","328.41","323.53","19,284,600"
"Aug 28, 2023","325.66","326.15","321.72","323.70","318.89","14,808,500"
"Aug 25, 2023","321.47","325.36","318.80","322.98","318.18","21,684,100"
"Aug 24, 2023","332.85","332.98","319.96","319.97","315.22","23,281,400"
"Aug 23, 2023","323.82","329.20","323.46","327.00","322.15","21,166,400"
"Aug 22, 2023","325.50","326.08","321.46","322.46","317.67","16,084,600"
"Aug 21, 2023","317.93","322.77","317.04","321.88","317.10","24,040,000"
"Aug 18, 2023","314.49","318.38","311.55","316.48","311.78","24,755,000"
"Aug 17, 2023","320.54","321.87","316.21","316.88","312.18","21,257,200"
"Aug 16, 2023","0.68","","","","",""
"Aug 16, 2023","320.80","324.42","319.80","320.40","315.64","20,698,900"
"Aug 15, 2023","323.00","325.09","320.90","321.86","316.41","16,966,300"
"Aug 14, 2023","321.39","324.06","320.08","324.04","318.55","18,836,100"
"Aug 11, 2023","320.26","322.41","319.21","321.01","315.58","24,355,500"
"Aug 10, 2023","326.02","328.26","321.18","322.93","317.46","20,113,700"
"Aug 9, 2023","326.47","327.11","321.05","322.23","316.78","22,373,300"
"Aug 8, 2023","326.96","328.75","323.00","326.05","320.53","22,327,600"
"Aug 7, 2023","328.37","331.11","327.52","330.11","324.52","17,741,500"
"Aug 4, 2023","331.88","335.14","327.24","327.78","322.23","23,741,500"
"Aug 3, 2023","326.00","329.88","325.95","326.66","321.13","18,253,700"
"Aug 2, 2023","333.63","333.63","326.36","327.50","321.96","27,761,300"
"Aug 1, 2023","335.19","338.54","333.70","336.34","330.65","18,311,900"
"Jul 31, 2023","336.92","337.70","333.36","335.92","330.23","25,446,000"
"Jul 28, 2023","333.67","340.01","333.17","338.37","332.64","28,484,900"
"Jul 27, 2023","340.48","341.33","329.05","330.72","325.12","39,635,300"
"Jul 26, 2023","341.44","344.67","333.11","337.77","332.05","58,383,700"
"Jul 25, 2023","347.11","351.89","345.07","350.98","345.04","41,637,700"
"Jul 24, 2023","345.85","346.92","342.31","345.11","339.27","26,678,100"
"Jul 21, 2023","349.15","350.30","339.83","343.77","337.95","69,405,400"
"Jul 20, 2023","353.57","357.97","345.37","346.87","341.00","33,778,400"
"Jul 19, 2023","361.75","362.46","352.44","355.08","349.07","39,732,900"
"Jul 18, 2023","345.83","366.78","342.17","359.49","353.40","64,738,600"
"Jul 17, 2023","345.68","346.99","342.20","345.73","339.88","20,363,900"
"Jul 14, 2023","347.59","351.43","344.31","345.24","339.40","28,352,700"
"Jul 13, 2023","339.56","343.74","339.02","342.66","336.86","20,567,200"
"Jul 12, 2023","336.60","341.65","335.67","337.20","331.49","29,995,300"
"Jul 11, 2023","331.06","332.86","327.00","332.47","326.84","26,698,200"
"Jul 10, 2023","334.60","335.23","327.59","331.83","326.21","32,791,400"
"Jul 7, 2023","339.32","341.79","337.00","337.22","331.51","21,214,800"
"Jul 6, 2023","337.30","342.99","335.50","341.27","335.49","28,161,200"
"Jul 5, 2023","335.09","341.65","334.73","338.15","332.43","18,172,400"
"Jul 3, 2023","339.19","340.90","336.57","337.99","332.27","12,508,700"
"Jun 30, 2023","337.75","342.73","337.20","340.54","334.78","26,832,800"
"Jun 29, 2023","334.71","336.11","332.62","335.05","329.38","16,997,000"
"Jun 28, 2023","334.66","337.98","333.81","335.85","330.16","20,259,500"
"Jun 27, 2023","331.86","336.15","329.30","334.57","328.91","24,354,100"
"Jun 26, 2023","333.72","336.11","328.49","328.60","323.04","21,520,600"
"Jun 23, 2023","334.36","337.96","333.45","335.02","329.35","23,146,900"
"Jun 22, 2023","334.12","340.12","333.34","339.71","333.96","23,556,800"
"Jun 21, 2023","336.37","337.73","332.07","333.56","327.91","25,117,800"
"Jun 20, 2023","339.31","342.08","335.86","338.05","332.33","26,375,400"
"Jun 16, 2023","351.32","351.47","341.95","342.33","336.54","46,552,000"
"Jun 15, 2023","337.48","349.84","337.20","348.10","342.21","38,899,100"
"Jun 14, 2023","334.34","339.04","332.81","337.34","331.63","26,003,800"
"Jun 13, 2023","334.47","336.98","330.39","334.29","328.63","22,951,300"
"Jun 12, 2023","328.58","332.10","325.16","331.85","326.23","24,260,300"
"Jun 9, 2023","324.99","329.99","324.41","326.79","321.26","22,529,000"
"Jun 8, 2023","323.94","326.64","323.35","325.26","319.75","23,277,700"
"Jun 7, 2023","331.65","334.49","322.50","323.38","317.91","40,717,100"
"Jun 6, 2023","335.33","335.37","332.17","333.68","328.03","20,396,200"
"Jun 5, 2023","335.22","338.56","334.66","335.94","330.25","21,307,100"
"Jun 2, 2023","334.25","337.50","332.55","335.40","329.72","25,873,800"
"Jun 1, 2023","325.93","333.53","324.72","332.58","326.95","26,773,900"
"May 31, 2023","332.29","335.94","327.33","328.39","322.83","45,950,600"
"May 30, 2023","335.23","335.74","330.52","331.21","325.60","29,503,100"
"May 26, 2023","324.02","333.40","323.88","332.89","327.25","36,630,600"
"May 25, 2023","323.24","326.90","320.00","325.92","320.40","43,301,700"
"May 24, 2023","314.73","316.50","312.61","313.85","308.54","23,384,900"
"May 23, 2023","320.03","322.72","315.25","315.26","309.92","30,797,200"
"May 22, 2023","318.60","322.59","318.01","321.18","315.74","24,115,700"
"May 19, 2023","316.74","318.75","316.37","318.34","312.95","27,546,700"
"May 18, 2023","314.53","319.04","313.72","318.52","313.13","27,276,000"
"May 17, 2023","0.68","","","","",""
"May 17, 2023","312.29","314.43","310.74","314.00","308.68","24,315,000"
"May 16, 2023","309.83","313.71","309.83","311.74","305.79","26,730,300"
"May 15, 2023","309.10","309.90","307.59","309.46","303.56","16,336,500"
"May 12, 2023","310.55","310.65","306.60","308.97","303.08","19,774,700"
"May 11, 2023","310.10","311.12","306.26","310.11","304.20","31,680,200"
"May 10, 2023","308.62","313.00","307.67","312.31","306.35","30,078,000"
"May 9, 2023","308.00","310.04","306.31","307.00","301.14","21,340,800"
"May 8, 2023","310.13","310.20","306.09","308.65","302.76","21,318,600"
"May 5, 2023","305.72","311.97","304.27","310.65","304.73","28,197,100"
"May 4, 2023","306.24","307.76","303.40","305.41","299.59","22,519,900"
"May 3, 2023","306.62","308.61","304.09","304.40","298.59","22,360,800"
"May 2, 2023","307.76","309.18","303.91","305.41","299.59","26,404,400"
"May 1, 2023","306.97","308.60","305.15","305.56","299.73","21,294,100"
"Apr 28, 2023","304.01","308.93","303.31","307.26","301.40","36,469,600"
"Apr 27, 2023","295.97","305.20","295.25","304.83","299.02","46,462,600"
"Apr 26, 2023","296.70","299.57","292.73","295.37","289.74","64,599,200"
"Apr 25, 2023","279.51","281.60","275.37","275.42","270.17","45,772,200"
"Apr 24, 2023","282.09","284.95","278.72","281.77","276.40","26,611,000"
"Apr 21, 2023","285.01","286.27","283.06","285.76","280.31","21,676,400"
"Apr 20, 2023","285.25","289.03","285.08","286.11","280.65","23,244,400"
"Apr 19, 2023","285.99","289.05","284.54","288.45","282.95","17,150,300"
"Apr 18, 2023","291.57","291.76","287.01","288.37","282.87","20,161,800"
"Apr 17, 2023","289.93","291.60","286.16","288.80","283.29","23,836,200"
"Apr 14, 2023","287.00","288.48","283.69","286.14","280.68","20,987,900"
"Apr 13, 2023","283.59","289.90","283.17","289.84","284.31","24,222,700"
"Apr 12, 2023","284.79","287.01","281.96","283.49","278.08","27,403,400"
"Apr 11, 2023","285.75","285.98","281.64","282.83","277.44","27,276,600"
"Apr 10, 2023","289.21","289.60","284.71","289.39","283.87","23,103,000"
"Apr 6, 2023","283.21","292.08","282.03","291.60","286.04","29,770,300"
"Apr 5, 2023","285.85","287.15","282.92","284.34","278.92","22,064,800"
"Apr 4, 2023","287.23","290.45","285.67","287.18","281.70","25,824,300"
"Apr 3, 2023","286.52","288.27","283.95","287.23","281.75","24,883,300"
"Mar 31, 2023","283.73","289.27","283.00","288.30","282.80","32,766,000"
"Mar 30, 2023","284.23","284.46","281.48","284.05","278.63","25,053,400"
"Mar 29, 2023","278.96","281.14","278.41","280.51","275.16","25,087,000"
"Mar 28, 2023","275.79","276.14","272.05","275.23","269.98","21,878,600"
"Mar 27, 2023","280.50","281.46","275.52","276.38","271.11","26,840,200"
"Mar 24, 2023","277.24","280.63","275.28","280.57","275.22","28,172,000"
"Mar 23, 2023","277.94","281.06","275.20","277.66","272.36","36,610,900"
"Mar 22, 2023","273.40","281.04","272.18","272.29","267.10","34,873,300"
"Mar 21, 2023","274.88","275.00","269.52","273.78","268.56","34,558,700"
"Mar 20, 2023","276.98","277.48","269.85","272.23","267.04","43,466,600"
"Mar 17, 2023","278.26","283.33","276.32","279.43","274.10","69,527,400"
"Mar 16, 2023","265.21","276.56","263.28","276.20","270.93","54,768,800"
"Mar 15, 2023","259.98","266.48","259.21","265.44","260.38","46,028,000"
"Mar 14, 2023","256.75","261.07","255.86","260.79","255.82","33,620,300"
"Mar 13, 2023","247.40","257.91","245.73","253.92","249.08","33,339,700"
"Mar 10, 2023","251.08","252.79","247.60","248.59","243.85","28,333,900"
"Mar 9, 2023","255.82","259.56","251.58","252.32","247.51","26,653,400"
"Mar 8, 2023","254.04","254.54","250.81","253.70","248.86","17,340,200"
"Mar 7, 2023","256.30","257.69","253.39","254.15","249.30","21,473,200"
"Mar 6, 2023","256.43","260.12","255.98","256.87","251.97","24,109,800"
"Mar 3, 2023","252.19","255.62","251.39","255.29","250.42","30,760,100"
"Mar 2, 2023","246.55","251.40","245.61","251.11","246.32","24,808,200"
"Mar 1, 2023","250.76","250.93","245.79","246.27","241.57","27,565,300"
"Feb 28, 2023","249.07","251.49","248.73","249.42","244.66","22,491,000"
"Feb 27, 2023","252.46","252.82","249.39","250.16","245.39","21,190,000"
"Feb 24, 2023","249.96","251.00","248.10","249.22","244.47","24,990,900"
"Feb 23, 2023","255.56","256.84","250.48","254.77","249.91","29,219,100"
"Feb 22, 2023","254.09","254.34","250.34","251.51","246.71","22,491,100"
"Feb 21, 2023","254.48","255.49","251.59","252.67","247.85","28,397,400"
"Feb 17, 2023","259.39","260.09","256.00","258.06","253.14","30,000,100"
"Feb 16, 2023","264.02","266.74","261.90","262.15","257.15","29,603,600"
"Feb 15, 2023","0.68","","","","",""
"Feb 15, 2023","268.32","270.73","266.18","269.32","264.18","28,922,400"
"Feb 14, 2023","272.67","274.97","269.28","272.17","266.31","37,047,900"
"Feb 13, 2023","267.64","274.60","267.15","271.32","265.48","44,630,900"
"Feb 10, 2023","261.53","264.09","260.66","263.10","257.44","25,818,500"
"Feb 9, 2023","273.80","273.98","262.80","263.62","257.95","42,375,100"
"Feb 8, 2023","273.20","276.76","266.21","266.73","260.99","54,686,000"
"Feb 7, 2023","260.53","268.77","260.08","267.56","261.80","50,841,400"
"Feb 6, 2023","257.44","258.30","254.78","256.77","251.24","22,518,000"
"Feb 3, 2023","259.54","264.20","257.10","258.35","252.79","29,077,300"
"Feb 2, 2023","258.82","264.69","257.25","264.60","258.91","39,940,400"
"Feb 1, 2023","248.00","255.18","245.47","252.75","247.31","31,259,900"
"Jan 31, 2023","243.45","247.95","242.95","247.81","242.48","26,541,100"
"Jan 30, 2023","244.51","245.60","242.20","242.71","237.49","25,867,400"
"Jan 27, 2023","248.99","249.83","246.83","248.16","242.82","26,498,900"
"Jan 26, 2023","243.65","248.31","242.00","248.00","242.66","33,454,500"
"Jan 25, 2023","234.48","243.30","230.90","240.61","235.43","66,526,600"
"Jan 24, 2023","242.50","243.95","240.44","242.04","236.83","40,234,400"
"Jan 23, 2023","241.10","245.17","239.65","242.58","237.36","31,934,000"
"Jan 20, 2023","234.86","240.74","234.51","240.22","235.05","35,389,800"
"Jan 19, 2023","233.78","235.52","230.68","231.93","226.94","28,623,000"
"Jan 18, 2023","241.57","242.38","235.52","235.81","230.73","30,028,700"
"Jan 17, 2023","237.97","240.91","237.09","240.35","235.18","29,831,300"
"Jan 13, 2023","237.00","239.37","234.92","239.23","234.08","21,333,300"
"Jan 12, 2023","235.26","239.90","233.56","238.51","233.38","27,269,500"
"Jan 11, 2023","231.29","235.95","231.11","235.77","230.70","28,669,300"
"Jan 10, 2023","227.76","231.31","227.33","228.85","223.92","27,033,900"
"Jan 9, 2023","226.45","231.24","226.41","227.12","222.23","27,369,800"
"Jan 6, 2023","223.00","225.76","219.35","224.93","220.09","43,613,600"
"Jan 5, 2023","227.20","227.55","221.76","222.31","217.53","39,585,600"
"Jan 4, 2023","232.28","232.87","225.96","229.10","224.17","50,623,400"
"Jan 3, 2023","243.08","245.75","237.40","239.58","234.42","25,740,000"
"Dec 30, 2022","238.21","239.96","236.66","239.82","234.66","21,938,500"
"Dec 29, 2022","235.65","241.92","235.65","241.01","235.82","19,770,700"
"Dec 28, 2022","236.89","239.72","234.17","234.53","229.48","17,457,100"
"Dec 27, 2022","238.70","238.93","235.83","236.96","231.86","16,688,600"
"Dec 23, 2022","236.11","238.87","233.94","238.73","233.59","21,207,000"
"Dec 22, 2022","241.26","241.99","233.87","238.19","233.06","28,651,700"
"Dec 21, 2022","241.69","245.62","240.11","244.43","239.17","23,690,600"
"Dec 20, 2022","239.40","242.91","238.42","241.80","236.60","25,150,800"
"Dec 19, 2022","244.86","245.21","238.71","240.45","235.27","29,696,400"
"Dec 16, 2022","248.55","249.84","243.51","244.69","239.42","86,102,000"
"Dec 15, 2022","253.72","254.20","247.34","249.01","243.65","35,560,400"
"Dec 14, 2022","257.13","262.59","254.31","257.22","251.68","35,410,900"
"Dec 13, 2022","261.69","263.92","253.07","256.92","251.39","42,196,900"
"Dec 12, 2022","247.45","252.54","247.17","252.51","247.08","30,665,100"
"Dec 9, 2022","244.70","248.31","244.16","245.42","240.14","20,609,700"
"Dec 8, 2022","244.84","248.74","243.06","247.40","242.08","22,611,800"
"Dec 7, 2022","244.83","246.16","242.21","244.37","239.11","20,481,500"
"Dec 6, 2022","250.82","251.86","243.78","245.12","239.84","22,463,700"
"Dec 5, 2022","252.01","253.82","248.06","250.20","244.82","23,435,300"
"Dec 2, 2022","249.82","256.06","249.69","255.02","249.53","21,528,500"
"Dec 1, 2022","253.87","256.12","250.92","254.69","249.21","26,041,500"
"Nov 30, 2022","240.57","255.33","239.86","255.14","249.65","47,594,200"
"Nov 29, 2022","241.40","242.79","238.21","240.33","235.16","17,956,300"
"Nov 28, 2022","246.08","246.65","240.80","241.76","236.56","24,778,200"
"Nov 25, 2022","247.31","248.70","246.73","247.49","242.16","9,200,800"
"Nov 23, 2022","245.11","248.28","244.27","247.58","242.25","19,508,500"
"Nov 22, 2022","243.59","245.31","240.71","245.03","239.76","19,665,700"
"Nov 21, 2022","241.43","244.67","241.19","242.05","236.84","26,394,700"
"Nov 18, 2022","243.51","243.74","239.03","241.22","236.03","27,613,500"
"Nov 17, 2022","237.78","243.25","237.63","241.68","236.48","23,123,500"
"Nov 16, 2022","0.68","","","","",""
"Nov 16, 2022","242.79","243.80","240.42","241.73","236.53","24,093,300"
"Nov 15, 2022","245.66","247.00","240.03","241.97","236.10","31,390,100"
"Nov 14, 2022","241.99","243.91","239.21","241.55","235.69","31,123,300"
"Nov 11, 2022","242.99","247.99","241.93","247.11","241.11","34,620,200"
"Nov 10, 2022","235.43","243.33","235.00","242.98","237.08","46,268,000"
"Nov 9, 2022","227.37","228.63","224.33","224.51","219.06","27,852,900"
"Nov 8, 2022","228.70","231.65","225.84","228.87","223.31","28,192,500"
"Nov 7, 2022","221.99","228.41","221.28","227.87","222.34","33,498,000"
"Nov 4, 2022","217.55","221.59","213.43","221.39","216.02","36,789,100"
"Nov 3, 2022","220.09","220.41","213.98","214.25","209.05","36,633,900"
"Nov 2, 2022","229.46","231.30","220.04","220.10","214.76","38,407,000"
"Nov 1, 2022","234.60","235.74","227.33","228.17","222.63","30,592,300"
"Oct 31, 2022","233.76","234.92","231.15","232.13","226.50","28,357,300"
"Oct 28, 2022","226.24","236.60","226.05","235.87","230.14","40,647,700"
"Oct 27, 2022","231.04","233.69","225.78","226.75","221.25","40,424,600"
"Oct 26, 2022","231.17","238.30","230.06","231.32","225.71","82,543,200"
"Oct 25, 2022","247.26","251.04","245.83","250.66","244.58","34,775,500"
"Oct 24, 2022","243.76","247.84","241.30","247.25","241.25","24,911,200"
"Oct 21, 2022","234.74","243.00","234.50","242.12","236.24","26,299,700"
"Oct 20, 2022","235.77","241.31","234.87","236.15","230.42","21,811,000"
"Oct 19, 2022","237.04","239.61","234.29","236.48","230.74","19,985,700"
"Oct 18, 2022","243.24","243.93","235.37","238.50","232.71","26,329,600"
"Oct 17, 2022","235.82","238.96","235.14","237.53","231.76","28,142,300"
"Oct 14, 2022","235.54","237.24","228.34","228.56","223.01","30,198,600"
"Oct 13, 2022","219.85","236.10","219.13","234.24","228.55","42,551,800"
"Oct 12, 2022","225.40","227.86","223.96","225.75","220.27","21,903,900"
"Oct 11, 2022","227.62","229.06","224.11","225.41","219.94","30,474,000"
"Oct 10, 2022","233.05","234.56","226.73","229.25","223.69","29,743,600"
"Oct 7, 2022","240.90","241.32","233.17","234.24","228.55","37,769,600"
"Oct 6, 2022","247.93","250.34","246.08","246.79","240.80","20,239,900"
"Oct 5, 2022","245.99","250.58","244.10","249.20","243.15","20,347,100"
"Oct 4, 2022","245.09","250.36","244.98","248.88","242.84","34,888,400"
"Oct 3, 2022","235.41","241.61","234.66","240.74","234.90","28,880,400"
"Sep 30, 2022","238.29","240.54","232.73","232.90","227.25","35,694,800"
"Sep 29, 2022","238.89","239.95","234.41","237.50","231.74","27,484,200"
"Sep 28, 2022","236.81","242.33","234.73","241.07","235.22","29,029,700"
"Sep 27, 2022","239.98","241.80","234.50","236.41","230.67","27,018,700"
"Sep 26, 2022","237.05","241.45","236.90","237.45","231.69","27,694,200"
"Sep 23, 2022","239.54","241.13","235.20","237.92","232.15","34,176,000"
"Sep 22, 2022","237.87","243.86","237.57","240.98","235.13","31,061,200"
"Sep 21, 2022","244.27","247.66","238.90","238.95","233.15","28,625,600"
"Sep 20, 2022","242.07","243.51","239.64","242.45","236.57","26,660,300"
"Sep 19, 2022","242.47","245.14","240.85","244.52","238.58","26,826,900"
"Sep 16, 2022","244.26","245.30","242.06","244.74","238.80","39,791,800"
"Sep 15, 2022","249.77","251.40","244.02","245.38","239.42","31,530,900"
"Sep 14, 2022","253.53","254.23","249.86","252.22","246.10","23,913,000"
"Sep 13, 2022","258.84","260.40","251.59","251.99","245.87","33,353,300"
"Sep 12, 2022","265.78","267.45","265.16","266.65","260.18","18,747,700"
"Sep 9, 2022","260.50","265.23","260.29","264.46","258.04","22,084,700"
"Sep 8, 2022","257.51","260.43","254.79","258.52","252.25","20,319,900"
"Sep 7, 2022","254.70","258.83","253.22","258.09","251.83","24,126,700"
"Sep 6, 2022","256.20","257.83","251.94","253.25","247.10","21,328,200"
"Sep 2, 2022","261.70","264.74","254.47","256.06","249.84","22,855,400"
"Sep 1, 2022","258.87","260.89","255.41","260.40","254.08","23,263,400"
"Aug 31, 2022","265.39","267.11","261.33","261.47","255.12","24,791,800"
"Aug 30, 2022","266.67","267.05","260.66","262.97","256.59","22,767,100"
"Aug 29, 2022","265.85","267.40","263.85","265.23","258.79","20,338,500"
"Aug 26, 2022","279.08","280.34","267.98","268.09","261.58","27,549,300"
"Aug 25, 2022","277.33","279.02","274.52","278.85","272.08","16,583,400"
"Aug 24, 2022","275.41","277.23","275.11","275.79","269.10","18,137,000"
"Aug 23, 2022","276.44","278.86","275.40","276.44","269.73","17,527,400"
"Aug 22, 2022","282.08","282.46","277.22","277.75","271.01","25,061,100"
"Aug 19, 2022","288.90","289.25","285.56","286.15","279.20","20,570,000"
"Aug 18, 2022","290.19","291.91","289.08","290.17","283.13","17,186,200"
"Aug 17, 2022","0.62","","","","",""
"Aug 17, 2022","289.74","293.35","289.47","291.32","284.25","18,253,400"
"Aug 16, 2022","291.99","294.04","290.42","292.71","285.00","18,102,900"
"Aug 15, 2022","291.00","294.18","290.11","293.47","285.74","18,085,700"
"Aug 12, 2022","288.48","291.91","286.94","291.91","284.22","22,619,700"
"Aug 11, 2022","290.85","291.21","286.51","287.02","279.46","20,065,900"
"Aug 10, 2022","288.17","289.81","286.94","289.16","281.54","24,687,800"
"Aug 9, 2022","279.64","283.08","277.61","282.30","274.86","23,405,200"
"Aug 8, 2022","284.05","285.92","279.32","280.32","272.94","18,739,200"
"Aug 5, 2022","279.15","283.65","278.68","282.91","275.46","16,774,600"
"Aug 4, 2022","281.80","283.80","280.17","283.65","276.18","18,098,700"
"Aug 3, 2022","276.76","283.50","276.61","282.47","275.03","23,518,900"
"Aug 2, 2022","276.00","277.89","272.38","274.82","267.58","22,754,200"
"Aug 1, 2022","277.82","281.28","275.84","278.01","270.69","21,539,600"
"Jul 29, 2022","277.70","282.00","276.63","280.74","273.35","32,152,800"
"Jul 28, 2022","269.75","277.84","267.87","276.41","269.13","33,459,300"
"Jul 27, 2022","261.16","270.05","258.85","268.74","261.66","45,994,000"
"Jul 26, 2022","259.86","259.88","249.57","251.90","245.27","39,348,000"
"Jul 25, 2022","261.00","261.50","256.81","258.83","252.01","21,056,000"
"Jul 22, 2022","265.24","265.33","259.07","260.36","253.50","21,881,300"
"Jul 21, 2022","259.79","264.89","257.03","264.84","257.86","22,404,700"
"Jul 20, 2022","259.90","264.87","258.91","262.27","255.36","22,788,300"
"Jul 19, 2022","257.58","259.72","253.68","259.53","252.69","25,012,600"
"Jul 18, 2022","259.75","260.84","253.30","254.25","247.55","20,975,000"
"Jul 15, 2022","255.72","260.37","254.77","256.72","249.96","29,774,100"
"Jul 14, 2022","250.57","255.14","245.94","254.08","247.39","25,102,800"
"Jul 13, 2022","250.19","253.55","248.11","252.72","246.06","29,497,400"
"Jul 12, 2022","265.88","265.94","252.04","253.67","246.99","35,868,500"
"Jul 11, 2022","265.65","266.53","262.18","264.51","257.54","19,455,200"
"Jul 8, 2022","264.79","268.10","263.29","267.66","260.61","19,658,800"
"Jul 7, 2022","265.12","269.06","265.02","268.40","261.33","20,859,900"
"Jul 6, 2022","263.75","267.99","262.40","266.21","259.20","23,824,400"
"Jul 5, 2022","256.16","262.98","254.74","262.85","255.93","22,941,000"
"Jul 1, 2022","256.39","259.77","254.61","259.58","252.74","22,837,700"
"Jun 30, 2022","257.05","259.53","252.90","256.83","250.07","31,730,900"
"Jun 29, 2022","257.59","261.97","255.76","260.26","253.40","20,069,800"
"Jun 28, 2022","263.98","266.91","256.32","256.48","249.72","27,295,500"
"Jun 27, 2022","268.21","268.30","263.28","264.89","257.91","24,615,100"
"Jun 24, 2022","261.81","267.98","261.72","267.70","260.65","33,923,200"
"Jun 23, 2022","255.57","259.37","253.63","258.86","252.04","25,861,400"
"Jun 22, 2022","251.89","257.17","250.37","253.13","246.46","25,939,900"
"Jun 21, 2022","250.26","254.75","249.51","253.74","247.06","29,928,300"
"Jun 17, 2022","244.70","250.50","244.03","247.65","241.13","43,084,800"
"Jun 16, 2022","245.98","247.42","243.02","244.97","238.52","33,169,200"
"Jun 15, 2022","248.31","255.30","246.42","251.76","245.13","33,111,700"
"Jun 14, 2022","243.86","245.74","241.51","244.49","238.05","28,651,500"
"Jun 13, 2022","245.11","249.02","241.53","242.26","235.88","46,135,800"
"Jun 10, 2022","260.58","260.58","252.53","252.99","246.33","31,422,800"
"Jun 9, 2022","267.78","272.71","264.63","264.79","257.82","26,439,700"
"Jun 8, 2022","271.71","273.00","269.61","270.41","263.29","17,372,300"
"Jun 7, 2022","266.64","273.13","265.94","272.50","265.32","22,860,700"
"Jun 6, 2022","272.06","274.18","267.22","268.75","261.67","22,400,300"
"Jun 3, 2022","270.31","273.45","268.41","270.02","262.91","28,059,000"
"Jun 2, 2022","264.45","274.65","261.60","274.58","267.35","44,008,200"
"Jun 1, 2022","275.20","277.69","270.04","272.42","265.24","25,292,200"
"May 31, 2022","272.53","274.77","268.93","271.87","264.71","37,827,700"
"May 27, 2022","268.48","273.34","267.56","273.24","266.04","26,910,800"
"May 26, 2022","262.27","267.11","261.43","265.90","258.90","25,002,100"
"May 25, 2022","258.14","264.58","257.13","262.52","255.61","28,547,900"
"May 24, 2022","257.89","261.33","253.50","259.62","252.78","29,043,900"
"May 23, 2022","255.49","261.50","253.43","260.65","253.78","33,175,400"
"May 20, 2022","257.24","258.54","246.44","252.56","245.91","39,199,300"
"May 19, 2022","253.90","257.67","251.88","253.14","246.47","32,692,300"
"May 18, 2022","0.62","","","","",""
"May 18, 2022","263.00","263.60","252.77","254.08","247.39","31,356,000"
"May 17, 2022","266.11","268.33","262.46","266.82","259.19","28,828,800"
"May 16, 2022","259.96","265.82","255.78","261.50","254.02","32,550,900"
"May 13, 2022","257.35","263.04","255.35","261.12","253.65","34,925,100"
"May 12, 2022","257.69","259.88","250.02","255.35","248.05","51,033,800"
"May 11, 2022","265.68","271.36","259.30","260.55","253.10","48,975,900"
"May 10, 2022","271.69","273.75","265.07","269.50","261.79","39,336,400"
"May 9, 2022","270.06","272.36","263.32","264.58","257.01","47,726,000"
"May 6, 2022","274.81","279.25","271.27","274.73","266.87","37,780,300"
"May 5, 2022","285.54","286.35","274.34","277.35","269.42","43,260,400"
"May 4, 2022","282.59","290.88","276.73","289.98","281.69","33,599,300"
"May 3, 2022","283.96","284.13","280.15","281.78","273.72","25,978,600"
"May 2, 2022","277.71","284.94","276.22","284.47","276.33","35,151,100"
"Apr 29, 2022","288.61","289.88","276.50","277.52","269.58","37,073,900"
"Apr 28, 2022","285.19","290.98","281.46","289.63","281.35","33,646,600"
"Apr 27, 2022","282.10","290.97","279.16","283.22","275.12","63,477,700"
"Apr 26, 2022","277.50","278.36","270.00","270.22","262.49","46,518,400"
"Apr 25, 2022","273.29","281.11","270.77","280.72","272.69","35,678,900"
"Apr 22, 2022","281.68","283.20","273.38","274.03","266.19","29,405,800"
"Apr 21, 2022","288.58","293.30","280.06","280.81","272.78","29,454,600"
"Apr 20, 2022","289.40","289.70","285.37","286.36","278.17","22,906,700"
"Apr 19, 2022","279.38","286.17","278.41","285.30","277.14","22,297,700"
"Apr 18, 2022","278.91","282.46","278.34","280.52","272.50","20,778,000"
"Apr 14, 2022","288.09","288.31","279.32","279.83","271.83","28,221,600"
"Apr 13, 2022","282.73","288.58","281.30","287.62","279.39","21,907,200"
"Apr 12, 2022","289.24","290.74","280.49","282.06","273.99","30,966,700"
"Apr 11, 2022","291.79","292.61","285.00","285.26","277.10","34,569,300"
"Apr 8, 2022","300.44","301.12","296.28","296.97","288.48","24,361,900"
"Apr 7, 2022","296.66","303.65","296.35","301.37","292.75","31,411,200"
"Apr 6, 2022","305.19","307.00","296.71","299.50","290.93","40,110,400"
"Apr 5, 2022","313.27","314.87","309.87","310.88","301.99","23,156,700"
"Apr 4, 2022","310.09","315.11","309.71","314.97","305.96","24,289,600"
"Apr 1, 2022","309.37","310.13","305.54","309.42","300.57","27,110,500"
"Mar 31, 2022","313.90","315.14","307.89","308.31","299.49","33,422,100"
"Mar 30, 2022","313.76","315.95","311.58","313.86","304.88","28,163,600"
"Mar 29, 2022","313.91","315.82","309.05","315.41","306.39","30,393,400"
"Mar 28, 2022","304.33","310.80","304.33","310.70","301.81","29,578,200"
"Mar 25, 2022","305.23","305.50","299.29","303.68","294.99","22,566,500"
"Mar 24, 2022","299.14","304.20","298.32","304.10","295.40","24,484,500"
"Mar 23, 2022","300.51","303.23","297.72","299.49","290.92","25,715,400"
"Mar 22, 2022","299.80","305.00","298.77","304.06","295.36","27,599,700"
"Mar 21, 2022","298.89","300.14","294.90","299.16","290.60","28,351,200"
"Mar 18, 2022","295.37","301.00","292.73","300.43","291.84","43,390,600"
"Mar 17, 2022","293.29","295.61","289.37","295.22","286.78","30,816,600"
"Mar 16, 2022","289.11","294.57","283.20","294.39","285.97","37,826,300"
"Mar 15, 2022","280.35","287.82","278.73","287.15","278.94","34,245,100"
"Mar 14, 2022","280.34","285.40","275.82","276.44","268.53","30,660,700"
"Mar 11, 2022","287.96","289.51","279.43","280.07","272.06","27,209,300"
"Mar 10, 2022","283.02","286.60","280.58","285.59","277.42","30,628,000"
"Mar 9, 2022","283.44","289.60","280.78","288.50","280.25","35,204,500"
"Mar 8, 2022","277.80","283.96","270.00","275.85","267.96","48,159,500"
"Mar 7, 2022","288.53","289.69","278.53","278.91","270.93","43,157,200"
"Mar 4, 2022","294.29","295.66","287.17","289.86","281.57","32,356,500"
"Mar 3, 2022","302.89","303.13","294.05","295.92","287.46","27,314,500"
"Mar 2, 2022","295.36","301.47","293.70","300.19","291.60","31,873,000"
"Mar 1, 2022","296.40","299.97","292.15","294.95","286.51","31,217,800"
"Feb 28, 2022","294.31","299.14","293.00","298.79","290.24","34,627,500"
"Feb 25, 2022","295.14","297.63","291.65","297.31","288.81","32,546,700"
"Feb 24, 2022","272.51","295.16","271.52","294.59","286.16","56,989,700"
"Feb 23, 2022","290.18","291.70","280.10","280.27","272.25","37,811,200"
"Feb 22, 2022","285.00","291.54","284.50","287.72","279.49","41,736,100"
"Feb 18, 2022","293.05","293.86","286.31","287.93","279.69","34,264,000"
"Feb 17, 2022","296.36","296.80","290.00","290.73","282.41","32,461,600"
"Feb 16, 2022","0.62","","","","",""
"Feb 16, 2022","298.37","300.87","293.68","299.50","290.93","29,982,100"
"Feb 15, 2022","300.01","300.80","297.02","300.47","291.27","27,058,300"
"Feb 14, 2022","293.77","296.76","291.35","295.00","285.97","36,359,500"
"Feb 11, 2022","303.19","304.29","294.22","295.04","286.01","39,175,600"
"Feb 10, 2022","304.04","309.12","300.70","302.38","293.13","45,386,200"
"Feb 9, 2022","309.87","311.93","307.39","311.21","301.69","31,284,700"
"Feb 8, 2022","301.25","305.56","299.95","304.56","295.24","32,421,200"
"Feb 7, 2022","306.17","307.84","299.90","300.95","291.74","28,533,300"
"Feb 4, 2022","300.21","308.80","299.97","305.94","296.58","35,096,500"
"Feb 3, 2022","309.49","311.23","299.96","301.25","292.03","43,730,000"
"Feb 2, 2022","309.63","315.12","308.88","313.46","303.87","36,636,000"
"Feb 1, 2022","310.41","310.63","305.13","308.76","299.31","40,950,400"
"Jan 31, 2022","308.95","312.38","306.37","310.98","301.46","46,444,500"
"Jan 28, 2022","300.23","308.48","294.45","308.26","298.83","49,743,700"
"Jan 27, 2022","302.66","307.30","297.93","299.84","290.66","53,481,300"
"Jan 26, 2022","307.99","308.50","293.03","296.71","287.63","90,428,900"
"Jan 25, 2022","291.52","294.99","285.17","288.49","279.66","72,848,600"
"Jan 24, 2022","292.20","297.11","276.05","296.37","287.30","85,731,500"
"Jan 21, 2022","302.69","304.11","295.61","296.03","286.97","57,984,400"
"Jan 20, 2022","309.07","311.65","301.14","301.60","292.37","35,380,700"
"Jan 19, 2022","306.29","313.91","302.70","303.33","294.05","45,933,900"
"Jan 18, 2022","304.07","309.80","301.74","302.65","293.39","42,333,200"
"Jan 14, 2022","304.25","310.82","303.75","310.20","300.71","39,846,400"
"Jan 13, 2022","320.47","320.88","304.00","304.80","295.47","45,366,000"
"Jan 12, 2022","319.67","323.41","317.08","318.27","308.53","34,372,200"
"Jan 11, 2022","313.38","316.61","309.89","314.98","305.34","29,386,800"
"Jan 10, 2022","309.49","314.72","304.69","314.27","304.65","44,289,500"
"Jan 7, 2022","314.15","316.50","310.09","314.04","304.43","32,720,000"
"Jan 6, 2022","313.15","318.70","311.49","313.88","304.27","39,646,100"
"Jan 5, 2022","325.86","326.07","315.98","316.38","306.70","40,054,300"
"Jan 4, 2022","334.83","335.20","326.12","329.01","318.94","32,674,300"
"Jan 3, 2022","335.35","338.00","329.78","334.75","324.50","28,865,100"
"Dec 31, 2021","338.51","339.36","335.85","336.32","326.03","18,000,800"
"Dec 30, 2021","341.91","343.13","338.82","339.32","328.93","15,994,500"
"Dec 29, 2021","341.30","344.30","339.68","341.95","331.48","15,042,000"
"Dec 28, 2021","343.15","343.81","340.32","341.25","330.81","15,661,500"
"Dec 27, 2021","335.46","342.48","335.43","342.45","331.97","19,947,000"
"Dec 23, 2021","332.75","336.39","332.73","334.69","324.45","19,617,800"
"Dec 22, 2021","328.30","333.61","325.75","333.20","323.00","24,831,500"
"Dec 21, 2021","323.29","327.73","319.80","327.29","317.27","24,740,600"
"Dec 20, 2021","320.05","322.80","317.57","319.91","310.12","28,326,500"
"Dec 17, 2021","320.88","324.92","317.25","323.80","313.89","47,750,300"
"Dec 16, 2021","335.71","336.76","323.02","324.90","314.96","35,034,800"
"Dec 15, 2021","328.61","335.19","324.50","334.65","324.41","35,381,100"
"Dec 14, 2021","333.22","334.64","324.11","328.34","318.29","44,438,700"
"Dec 13, 2021","340.68","343.79","339.08","339.40","329.01","28,899,400"
"Dec 10, 2021","334.98","343.00","334.79","342.54","332.06","38,095,700"
"Dec 9, 2021","334.41","336.49","332.12","333.10","322.91","22,214,200"
"Dec 8, 2021","335.31","335.50","330.80","334.97","324.72","24,761,000"
"Dec 7, 2021","331.64","335.80","330.10","334.92","324.67","31,021,900"
"Dec 6, 2021","323.95","327.45","319.23","326.19","316.21","30,032,600"
"Dec 3, 2021","331.99","332.70","318.03","323.01","313.12","41,779,300"
"Dec 2, 2021","330.30","333.49","327.80","329.49","319.41","30,766,000"
"Dec 1, 2021","335.13","339.28","329.39","330.08","319.98","33,337,600"
"Nov 30, 2021","335.32","337.78","328.99","330.59","320.47","42,885,600"
"Nov 29, 2021","334.94","339.03","334.74","336.63","326.33","28,563,500"
"Nov 26, 2021","334.35","337.93","328.12","329.68","319.59","24,217,200"
"Nov 24, 2021","336.28","338.16","333.91","337.91","327.57","21,661,300"
"Nov 23, 2021","337.05","339.45","333.56","337.68","327.34","30,427,600"
"Nov 22, 2021","344.62","349.67","339.55","339.83","329.43","31,031,100"
"Nov 19, 2021","342.64","345.10","342.20","343.11","332.61","21,963,400"
"Nov 18, 2021","338.18","342.45","337.12","341.27","330.83","22,463,500"
"Nov 17, 2021","0.62","","","","",""
"Nov 17, 2021","338.94","342.19","338.00","339.12","328.74","19,053,400"
"Nov 16, 2021","335.68","340.67","335.51","339.51","328.52","20,886,800"
"Nov 15, 2021","337.54","337.88","334.03","336.07","325.19","16,723,000"
"Nov 12, 2021","333.92","337.23","333.79","336.72","325.82","23,831,000"
"Nov 11, 2021","331.25","333.77","330.51","332.43","321.67","16,849,800"
"Nov 10, 2021","334.57","334.63","329.92","330.80","320.09","25,500,900"
"Nov 9, 2021","337.11","338.72","334.53","335.95","325.07","21,307,400"
"Nov 8, 2021","337.30","337.65","334.44","336.99","326.08","20,897,000"
"Nov 5, 2021","338.51","338.79","334.42","336.06","325.18","22,570,100"
"Nov 4, 2021","332.89","336.54","329.51","336.44","325.55","23,992,200"
"Nov 3, 2021","333.90","334.90","330.65","334.00","323.19","21,500,100"
"Nov 2, 2021","330.31","333.45","330.00","333.13","322.34","26,487,100"
"Nov 1, 2021","331.36","331.49","326.37","329.37","318.71","27,073,200"
"Oct 29, 2021","324.13","332.00","323.90","331.62","320.88","34,766,000"
"Oct 28, 2021","324.33","324.87","321.36","324.35","313.85","26,297,900"
"Oct 27, 2021","316.00","326.10","316.00","323.17","312.71","52,588,700"
"Oct 26, 2021","311.00","312.40","308.60","310.11","300.07","28,107,300"
"Oct 25, 2021","309.36","309.40","306.46","308.13","298.15","17,554,500"
"Oct 22, 2021","310.40","311.09","307.80","309.16","299.15","17,449,300"
"Oct 21, 2021","307.17","311.02","306.36","310.76","300.70","16,918,100"
"Oct 20, 2021","309.21","309.70","306.11","307.41","297.46","16,537,100"
"Oct 19, 2021","308.35","309.30","307.22","308.23","298.25","17,682,100"
"Oct 18, 2021","303.57","308.21","302.69","307.29","297.34","22,729,300"
"Oct 15, 2021","302.34","304.45","300.52","304.21","294.36","25,384,800"
"Oct 14, 2021","299.21","303.27","297.83","302.75","292.95","27,262,900"
"Oct 13, 2021","294.91","297.28","293.49","296.31","286.72","23,416,300"
"Oct 12, 2021","295.34","295.44","292.35","292.88","283.40","17,974,100"
"Oct 11, 2021","292.92","297.97","292.75","294.23","284.70","19,298,600"
"Oct 8, 2021","296.22","296.64","293.76","294.85","285.30","17,685,700"
"Oct 7, 2021","295.18","296.64","293.92","294.85","285.30","20,430,500"
"Oct 6, 2021","285.78","293.63","285.51","293.11","283.62","28,002,600"
"Oct 5, 2021","284.05","290.40","284.05","288.76","279.41","24,993,000"
"Oct 4, 2021","287.40","287.75","280.25","283.11","273.94","31,350,700"
"Oct 1, 2021","282.12","289.98","281.29","289.10","279.74","30,086,300"
"Sep 30, 2021","285.71","287.83","281.62","281.92","272.79","32,343,600"
"Sep 29, 2021","285.10","286.77","283.01","284.00","274.81","26,353,700"
"Sep 28, 2021","289.80","290.78","282.75","283.52","274.34","43,186,200"
"Sep 27, 2021","296.14","296.47","292.94","294.17","284.65","23,571,700"
"Sep 24, 2021","298.23","299.80","296.93","299.35","289.66","14,999,000"
"Sep 23, 2021","298.85","300.90","297.53","299.56","289.86","18,604,600"
"Sep 22, 2021","296.73","300.22","294.51","298.58","288.91","26,626,300"
"Sep 21, 2021","295.69","297.54","294.07","294.80","285.26","22,364,100"
"Sep 20, 2021","296.33","298.72","289.52","294.30","284.77","38,278,700"
"Sep 17, 2021","304.17","304.50","299.53","299.87","290.16","41,372,500"
"Sep 16, 2021","303.76","305.31","300.76","305.22","295.34","19,550,800"
"Sep 15, 2021","303.26","305.32","301.82","304.82","294.95","28,356,300"
"Sep 14, 2021","299.56","301.39","298.10","299.79","290.08","21,853,400"
"Sep 13, 2021","297.55","298.54","294.08","296.99","287.37","23,652,900"
"Sep 10, 2021","298.42","299.92","295.38","295.71","286.14","19,633,400"
"Sep 9, 2021","300.82","302.14","297.00","297.25","287.63","19,927,000"
"Sep 8, 2021","299.78","300.61","297.47","300.21","290.49","15,046,800"
"Sep 7, 2021","301.01","301.09","298.20","300.18","290.46","17,180,400"
"Sep 3, 2021","300.99","302.60","300.26","301.14","291.39","14,747,900"
"Sep 2, 2021","302.20","303.36","300.18","301.15","291.40","16,285,600"
"Sep 1, 2021","302.87","305.19","301.49","301.83","292.06","18,983,800"
"Aug 31, 2021","304.42","304.50","301.50","301.88","292.11","26,285,300"
"Aug 30, 2021","301.12","304.22","301.06","303.59","293.76","16,348,100"
"Aug 27, 2021","298.99","300.87","296.83","299.72","290.02","22,605,700"
"Aug 26, 2021","300.99","302.43","298.95","299.09","289.41","17,666,100"
"Aug 25, 2021","304.30","304.59","300.42","302.01","292.23","20,006,100"
"Aug 24, 2021","305.02","305.65","302.00","302.62","292.82","18,175,800"
"Aug 23, 2021","303.25","305.40","301.85","304.65","294.79","22,830,200"
"Aug 20, 2021","299.72","305.84","298.06","304.36","294.51","40,817,600"
"Aug 19, 2021","288.69","297.47","288.64","296.77","287.16","29,850,500"
"Aug 18, 2021","0.56","","","","",""
"Aug 18, 2021","292.04","294.82","290.27","290.73","281.32","21,813,000"
"Aug 17, 2021","292.39","293.43","291.08","293.08","283.05","20,075,300"
"Aug 16, 2021","293.19","294.82","290.02","294.60","284.52","22,507,600"
"Aug 13, 2021","289.48","292.90","289.30","292.85","282.83","18,249,000"
"Aug 12, 2021","286.63","289.97","286.34","289.81","279.89","14,561,300"
"Aug 11, 2021","287.21","288.66","285.86","286.95","277.13","13,955,900"
"Aug 10, 2021","288.80","289.25","285.20","286.44","276.64","18,616,600"
"Aug 9, 2021","289.75","291.55","287.81","288.33","278.46","16,117,600"
"Aug 6, 2021","288.51","289.50","287.62","289.46","279.55","16,589,300"
"Aug 5, 2021","286.88","289.63","286.10","289.52","279.61","13,900,200"
"Aug 4, 2021","286.22","287.59","284.65","286.51","276.70","16,191,300"
"Aug 3, 2021","285.42","287.23","284.00","287.12","277.29","17,879,000"
"Aug 2, 2021","286.36","286.77","283.74","284.82","275.07","16,267,400"
"Jul 30, 2021","285.17","286.66","283.91","284.91","275.16","20,944,800"
"Jul 29, 2021","286.24","288.62","286.08","286.50","276.69","18,168,300"
"Jul 28, 2021","288.99","290.15","283.83","286.22","276.42","33,566,900"
"Jul 27, 2021","289.43","289.58","282.95","286.54","276.73","33,604,100"
"Jul 26, 2021","289.00","289.69","286.64","289.05","279.16","23,176,100"
"Jul 23, 2021","287.37","289.99","286.50","289.67","279.76","22,768,100"
"Jul 22, 2021","283.84","286.42","283.42","286.14","276.35","23,384,100"
"Jul 21, 2021","278.90","281.52","277.29","281.40","271.77","24,364,300"
"Jul 20, 2021","278.03","280.97","276.26","279.32","269.76","26,259,700"
"Jul 19, 2021","278.93","280.37","274.45","277.01","267.53","32,935,600"
"Jul 16, 2021","282.07","284.10","279.46","280.75","271.14","26,186,800"
"Jul 15, 2021","282.00","282.51","279.83","281.03","271.41","22,604,200"
"Jul 14, 2021","282.35","283.66","280.55","282.51","272.84","23,113,700"
"Jul 13, 2021","277.52","282.85","277.39","280.98","271.36","26,120,100"
"Jul 12, 2021","279.16","279.77","276.58","277.32","267.83","18,931,700"
"Jul 9, 2021","275.72","278.05","275.32","277.94","268.43","23,916,700"
"Jul 8, 2021","276.90","278.73","274.87","277.42","267.93","24,618,600"
"Jul 7, 2021","279.40","280.69","277.15","279.93","270.35","23,260,000"
"Jul 6, 2021","278.03","279.37","274.30","277.66","268.16","31,565,600"
"Jul 2, 2021","272.82","278.00","272.50","277.65","268.15","26,458,000"
"Jul 1, 2021","269.61","271.84","269.60","271.60","262.30","16,725,300"
"Jun 30, 2021","270.69","271.36","269.60","270.90","261.63","21,656,500"
"Jun 29, 2021","268.87","271.65","267.98","271.40","262.11","19,937,800"
"Jun 28, 2021","266.19","268.90","265.91","268.72","259.52","19,590,000"
"Jun 25, 2021","266.23","267.25","264.76","265.02","255.95","25,611,100"
"Jun 24, 2021","266.16","267.85","265.47","266.69","257.56","21,446,900"
"Jun 23, 2021","265.99","266.83","264.43","265.27","256.19","19,518,700"
"Jun 22, 2021","262.72","265.79","262.40","265.51","256.42","24,694,100"
"Jun 21, 2021","259.82","263.52","257.92","262.63","253.64","26,696,100"
"Jun 18, 2021","259.63","262.30","258.75","259.43","250.55","37,202,200"
"Jun 17, 2021","256.07","261.75","256.01","260.90","251.97","27,565,500"
"Jun 16, 2021","259.40","260.58","254.42","257.38","248.57","27,220,000"
"Jun 15, 2021","259.77","259.99","257.68","258.36","249.52","18,038,900"
"Jun 14, 2021","257.90","259.95","256.80","259.89","251.00","19,150,500"
"Jun 11, 2021","257.99","258.49","256.61","257.89","249.06","18,999,700"
"Jun 10, 2021","254.29","257.46","253.67","257.24","248.44","24,563,600"
"Jun 9, 2021","253.81","255.53","253.21","253.59","244.91","17,937,600"
"Jun 8, 2021","255.16","256.01","252.51","252.57","243.93","22,455,000"
"Jun 7, 2021","249.98","254.09","249.81","253.81","245.12","23,079,200"
"Jun 4, 2021","247.76","251.65","247.51","250.79","242.21","25,281,100"
"Jun 3, 2021","245.22","246.34","243.00","245.71","237.30","25,307,700"
"Jun 2, 2021","248.13","249.27","245.84","247.30","238.84","19,406,700"
"Jun 1, 2021","251.23","251.29","246.96","247.40","238.93","23,213,300"
"May 28, 2021","251.00","252.08","249.56","249.68","241.13","18,270,200"
"May 27, 2021","251.17","251.48","249.25","249.31","240.78","24,426,200"
"May 26, 2021","251.43","252.94","250.75","251.49","242.88","17,771,600"
"May 25, 2021","251.77","252.75","250.82","251.72","243.10","17,704,300"
"May 24, 2021","247.79","251.16","247.51","250.78","242.20","21,411,500"
"May 21, 2021","247.57","248.33","244.74","245.17","236.78","21,863,100"
"May 20, 2021","243.96","247.95","243.86","246.48","238.04","21,800,700"
"May 19, 2021","0.56","","","","",""
"May 19, 2021","239.31","243.23","238.60","243.12","234.80","25,739,800"
"May 18, 2021","246.27","246.41","242.90","243.08","234.22","20,168,000"
"May 17, 2021","246.55","246.59","243.52","245.18","236.24","24,970,200"
"May 14, 2021","245.58","249.18","245.49","248.15","239.10","23,901,100"
"May 13, 2021","241.80","245.60","241.42","243.03","234.17","29,624,300"
"May 12, 2021","242.17","244.38","238.07","239.00","230.29","36,684,400"
"May 11, 2021","244.55","246.60","242.57","246.23","237.25","33,641,600"
"May 10, 2021","250.87","251.73","247.12","247.18","238.17","29,299,900"
"May 7, 2021","252.15","254.30","251.17","252.46","243.26","27,032,900"
"May 6, 2021","246.45","249.86","244.69","249.73","240.63","26,491,100"
"May 5, 2021","249.06","249.50","245.82","246.47","237.49","21,901,300"
"May 4, 2021","250.97","251.21","245.76","247.79","238.76","32,756,100"
"May 3, 2021","253.40","254.35","251.12","251.86","242.68","19,626,600"
"Apr 30, 2021","249.74","253.08","249.60","252.18","242.99","30,945,100"
"Apr 29, 2021","255.46","256.10","249.00","252.51","243.31","40,589,000"
"Apr 28, 2021","256.08","256.54","252.95","254.56","245.28","46,903,100"
"Apr 27, 2021","261.58","263.19","260.12","261.97","252.42","31,014,200"
"Apr 26, 2021","261.66","262.44","260.17","261.55","252.02","19,763,300"
"Apr 23, 2021","257.88","261.51","257.27","261.15","251.63","21,462,600"
"Apr 22, 2021","260.21","261.78","255.64","257.17","247.80","25,606,200"
"Apr 21, 2021","258.94","260.68","257.25","260.58","251.08","24,030,400"
"Apr 20, 2021","257.82","260.20","256.84","258.26","248.85","19,722,900"
"Apr 19, 2021","260.19","261.48","257.82","258.74","249.31","23,209,300"
"Apr 16, 2021","259.47","261.00","257.60","260.74","251.24","24,878,600"
"Apr 15, 2021","257.93","259.93","257.73","259.50","250.04","25,627,500"
"Apr 14, 2021","257.48","258.83","255.16","255.59","246.27","23,070,900"
"Apr 13, 2021","257.26","259.19","256.83","258.49","249.07","23,837,500"
"Apr 12, 2021","254.71","257.67","254.62","255.91","246.58","27,148,700"
"Apr 9, 2021","252.87","255.99","252.44","255.85","246.52","24,326,800"
"Apr 8, 2021","252.77","254.14","252.00","253.25","244.02","23,625,200"
"Apr 7, 2021","247.81","250.93","247.19","249.90","240.79","22,719,800"
"Apr 6, 2021","247.61","249.40","246.88","247.86","238.83","22,931,900"
"Apr 5, 2021","242.76","249.96","242.70","249.07","239.99","36,910,600"
"Apr 1, 2021","238.47","242.84","238.05","242.35","233.52","30,338,000"
"Mar 31, 2021","232.91","239.10","232.39","235.77","227.18","43,623,500"
"Mar 30, 2021","233.53","233.85","231.10","231.85","223.40","24,792,000"
"Mar 29, 2021","236.59","236.80","231.88","235.24","226.67","25,227,500"
"Mar 26, 2021","231.55","236.71","231.55","236.48","227.86","25,479,900"
"Mar 25, 2021","235.30","236.94","231.57","232.34","223.87","34,061,900"
"Mar 24, 2021","237.85","238.00","235.32","235.46","226.88","25,620,100"
"Mar 23, 2021","237.49","241.05","237.07","237.58","228.92","31,638,400"
"Mar 22, 2021","230.27","236.90","230.14","235.99","227.39","30,127,000"
"Mar 19, 2021","231.02","232.47","229.35","230.35","221.95","46,430,700"
"Mar 18, 2021","232.56","234.19","230.33","230.72","222.31","34,833,000"
"Mar 17, 2021","236.15","238.55","233.23","237.04","228.40","29,562,100"
"Mar 16, 2021","236.28","240.06","235.94","237.71","229.05","28,092,200"
"Mar 15, 2021","234.96","235.19","231.81","234.81","226.25","26,034,900"
"Mar 12, 2021","234.01","235.82","233.23","235.75","227.16","22,653,700"
"Mar 11, 2021","234.96","239.17","234.31","237.13","228.49","29,907,600"
"Mar 10, 2021","237.00","237.00","232.04","232.42","223.95","29,746,800"
"Mar 9, 2021","232.88","235.38","231.67","233.78","225.26","33,080,500"
"Mar 8, 2021","231.37","233.37","227.13","227.39","219.10","35,267,400"
"Mar 5, 2021","229.52","233.27","226.46","231.60","223.16","41,872,800"
"Mar 4, 2021","226.74","232.49","224.26","226.73","218.47","44,727,800"
"Mar 3, 2021","232.16","233.58","227.26","227.56","219.27","34,029,500"
"Mar 2, 2021","237.01","237.30","233.45","233.87","225.35","22,812,500"
"Mar 1, 2021","235.90","237.47","233.15","236.94","228.30","25,324,000"
"Feb 26, 2021","231.53","235.37","229.54","232.38","223.91","37,819,200"
"Feb 25, 2021","232.08","234.59","227.88","228.99","220.64","39,542,200"
"Feb 24, 2021","230.01","235.20","229.00","234.55","226.00","26,339,700"
"Feb 23, 2021","230.33","234.83","228.73","233.27","224.77","30,228,700"
"Feb 22, 2021","237.42","237.93","232.40","234.51","225.96","36,446,900"
"Feb 19, 2021","243.75","243.86","240.18","240.97","232.19","25,262,600"
"Feb 18, 2021","241.80","243.93","240.86","243.79","234.90","16,925,600"
"Feb 17, 2021","0.56","","","","",""
"Feb 17, 2021","241.32","244.31","240.94","244.20","235.30","21,653,500"
"Feb 16, 2021","245.03","246.13","242.92","243.70","234.28","26,728,500"
"Feb 12, 2021","243.93","245.30","242.73","244.99","235.52","16,561,100"
"Feb 11, 2021","244.78","245.15","242.15","244.49","235.04","15,751,100"
"Feb 10, 2021","245.00","245.92","240.89","242.82","233.43","22,186,700"
"Feb 9, 2021","241.87","244.76","241.38","243.77","234.34","23,565,000"
"Feb 8, 2021","243.15","243.68","240.81","242.47","233.10","22,211,900"
"Feb 5, 2021","242.23","243.28","240.42","242.20","232.84","18,054,800"
"Feb 4, 2021","242.66","243.24","240.37","242.01","232.65","25,296,100"
"Feb 3, 2021","239.57","245.09","239.26","243.00","233.60","27,158,100"
"Feb 2, 2021","241.30","242.31","238.69","239.51","230.25","25,916,300"
"Feb 1, 2021","235.06","242.50","232.43","239.65","230.38","33,314,200"
"Jan 29, 2021","235.99","238.02","231.35","231.96","222.99","42,503,100"
"Jan 28, 2021","235.61","242.64","235.09","238.93","229.69","49,111,200"
"Jan 27, 2021","238.00","240.44","230.14","232.90","223.90","69,870,600"
"Jan 26, 2021","231.86","234.18","230.08","232.33","223.35","49,169,600"
"Jan 25, 2021","229.12","229.78","224.22","229.53","220.66","33,152,100"
"Jan 22, 2021","227.08","230.07","225.80","225.95","217.21","30,172,700"
"Jan 21, 2021","224.70","226.30","222.42","224.97","216.27","30,709,400"
"Jan 20, 2021","217.70","225.79","217.29","224.34","215.67","37,777,300"
"Jan 19, 2021","213.75","216.98","212.63","216.44","208.07","30,480,900"
"Jan 15, 2021","213.52","214.51","212.03","212.65","204.43","31,746,500"
"Jan 14, 2021","215.91","217.46","212.74","213.02","204.78","29,480,800"
"Jan 13, 2021","214.02","216.76","213.93","216.34","207.98","20,087,100"
"Jan 12, 2021","216.50","217.10","213.32","214.93","206.62","23,249,300"
"Jan 11, 2021","218.47","218.91","216.73","217.49","209.08","23,031,300"
"Jan 8, 2021","218.68","220.58","217.03","219.62","211.13","22,956,200"
"Jan 7, 2021","214.04","219.34","213.71","218.29","209.85","27,694,500"
"Jan 6, 2021","212.17","216.49","211.94","212.25","204.04","35,930,700"
"Jan 5, 2021","217.26","218.52","215.70","217.90","209.48","23,823,000"
"Jan 4, 2021","222.53","223.00","214.81","217.69","209.27","37,130,100"
"Dec 31, 2020","221.70","223.00","219.68","222.42","213.82","20,942,100"
"Dec 30, 2020","225.23","225.63","221.47","221.68","213.11","20,272,300"
"Dec 29, 2020","226.31","227.18","223.58","224.15","215.48","17,403,200"
"Dec 28, 2020","224.45","226.03","223.02","224.96","216.26","17,933,500"
"Dec 24, 2020","221.42","223.61","221.20","222.75","214.14","10,550,600"
"Dec 23, 2020","223.11","223.56","220.80","221.02","212.47","18,699,600"
"Dec 22, 2020","222.69","225.63","221.85","223.94","215.28","22,612,200"
"Dec 21, 2020","217.55","224.00","217.28","222.59","213.98","37,181,900"
"Dec 18, 2020","218.59","219.69","216.02","218.59","210.14","63,354,900"
"Dec 17, 2020","219.87","220.89","217.92","219.42","210.94","32,515,800"
"Dec 16, 2020","214.75","220.11","214.72","219.28","210.80","35,023,300"
"Dec 15, 2020","215.17","215.42","212.24","214.13","205.85","27,000,600"
"Dec 14, 2020","213.10","216.21","212.88","214.20","205.92","28,798,400"
"Dec 11, 2020","210.05","213.32","209.11","213.26","205.01","30,979,400"
"Dec 10, 2020","211.77","213.08","210.36","210.52","202.38","26,733,300"
"Dec 9, 2020","215.16","215.23","211.21","211.80","203.61","32,440,600"
"Dec 8, 2020","213.97","216.95","212.89","216.01","207.66","23,284,100"
"Dec 7, 2020","214.37","215.54","212.99","214.29","206.00","24,620,000"
"Dec 4, 2020","214.22","215.38","213.18","214.36","206.07","24,666,000"
"Dec 3, 2020","214.61","216.38","213.65","214.24","205.96","25,120,900"
"Dec 2, 2020","214.88","215.47","212.80","215.37","207.04","23,724,500"
"Dec 1, 2020","214.51","217.32","213.35","216.21","207.85","30,904,500"
"Nov 30, 2020","214.10","214.76","210.84","214.07","205.79","33,064,800"
"Nov 27, 2020","214.85","216.27","214.04","215.23","206.91","14,512,200"
"Nov 25, 2020","215.11","215.29","212.46","213.87","205.60","21,012,900"
"Nov 24, 2020","209.59","214.25","208.86","213.86","205.59","33,979,700"
"Nov 23, 2020","210.95","212.29","208.16","210.11","201.99","25,683,500"
"Nov 20, 2020","212.20","213.29","210.00","210.39","202.26","22,843,100"
"Nov 19, 2020","211.38","213.03","209.93","212.42","204.21","24,792,700"
"Nov 18, 2020","0.56","","","","",""
"Nov 18, 2020","213.65","215.17","210.93","211.08","202.92","28,372,800"
"Nov 17, 2020","216.10","217.68","214.08","214.46","205.63","24,154,100"
"Nov 16, 2020","214.87","217.74","214.52","217.23","208.29","24,953,300"
"Nov 13, 2020","216.36","217.42","214.16","216.51","207.60","18,621,100"
"Nov 12, 2020","217.21","219.11","214.46","215.44","206.57","21,593,900"
"Nov 11, 2020","212.39","218.04","212.20","216.55","207.63","29,440,800"
"Nov 10, 2020","214.50","216.50","209.72","211.01","202.32","44,045,100"
"Nov 9, 2020","224.44","228.12","217.88","218.39","209.40","44,395,000"
"Nov 6, 2020","222.26","224.36","218.03","223.72","214.51","25,231,900"
"Nov 5, 2020","222.04","224.12","221.15","223.29","214.10","36,080,100"
"Nov 4, 2020","214.02","218.32","212.42","216.39","207.48","42,311,800"
"Nov 3, 2020","203.89","208.12","203.12","206.43","197.93","27,512,000"
"Nov 2, 2020","204.29","205.28","200.12","202.33","194.00","30,842,200"
"Oct 30, 2020","203.50","204.29","199.62","202.47","194.13","36,953,700"
"Oct 29, 2020","204.07","207.36","203.37","204.72","196.29","31,432,600"
"Oct 28, 2020","207.67","208.84","202.10","202.68","194.33","51,195,600"
"Oct 27, 2020","211.59","214.67","210.33","213.25","204.47","36,700,300"
"Oct 26, 2020","213.85","216.34","208.10","210.08","201.43","37,111,600"
"Oct 23, 2020","215.03","216.28","213.16","216.23","207.33","18,879,600"
"Oct 22, 2020","213.93","216.06","211.70","214.89","206.04","22,351,500"
"Oct 21, 2020","213.12","216.92","213.12","214.80","205.96","22,724,900"
"Oct 20, 2020","215.80","217.37","213.09","214.65","205.81","22,753,500"
"Oct 19, 2020","220.42","222.30","213.72","214.22","205.40","27,625,800"
"Oct 16, 2020","220.15","222.29","219.32","219.66","210.62","26,057,900"
"Oct 15, 2020","217.10","220.36","216.01","219.66","210.62","22,733,100"
"Oct 14, 2020","223.00","224.22","219.13","220.86","211.77","23,421,700"
"Oct 13, 2020","222.72","225.21","220.43","222.86","213.68","28,950,800"
"Oct 12, 2020","218.79","223.86","216.81","221.40","212.28","40,461,400"
"Oct 9, 2020","211.23","215.86","211.23","215.81","206.92","26,458,000"
"Oct 8, 2020","210.51","211.19","208.32","210.58","201.91","19,925,800"
"Oct 7, 2020","207.06","210.11","206.72","209.83","201.19","25,681,100"
"Oct 6, 2020","208.82","210.18","204.82","205.91","197.43","28,554,300"
"Oct 5, 2020","207.22","210.41","206.98","210.38","201.72","21,331,600"
"Oct 2, 2020","208.00","210.99","205.54","206.19","197.70","33,154,800"
"Oct 1, 2020","213.49","213.99","211.32","212.46","203.71","27,158,400"
"Sep 30, 2020","207.73","211.98","206.54","210.33","201.67","33,829,100"
"Sep 29, 2020","209.35","210.07","206.81","207.26","198.73","24,221,900"
"Sep 28, 2020","210.88","212.57","208.06","209.44","200.82","32,004,900"
"Sep 25, 2020","203.55","209.04","202.54","207.82","199.26","29,437,300"
"Sep 24, 2020","199.85","205.57","199.20","203.19","194.82","31,202,500"
"Sep 23, 2020","207.90","208.10","200.03","200.59","192.33","30,803,800"
"Sep 22, 2020","205.06","208.10","202.08","207.42","198.88","33,517,100"
"Sep 21, 2020","197.19","202.71","196.38","202.54","194.20","39,839,700"
"Sep 18, 2020","202.80","203.65","196.25","200.39","192.14","55,225,300"
"Sep 17, 2020","200.05","204.33","199.96","202.91","194.56","34,011,300"
"Sep 16, 2020","210.62","210.65","204.64","205.05","196.61","26,328,100"
"Sep 15, 2020","208.42","209.78","206.93","208.78","200.18","21,823,900"
"Sep 14, 2020","204.24","209.20","204.03","205.41","196.95","30,375,800"
"Sep 11, 2020","207.20","208.63","201.24","204.03","195.63","33,620,100"
"Sep 10, 2020","213.40","214.74","204.11","205.37","196.91","35,461,500"
"Sep 9, 2020","207.60","214.84","206.70","211.29","202.59","45,679,000"
"Sep 8, 2020","206.50","210.03","202.20","202.66","194.32","52,924,300"
"Sep 4, 2020","215.10","218.36","205.19","214.25","205.43","59,664,100"